,title,writer,date,views,likes
0,아이템 삽니다 (완),특똥별,1시간 전,23,0
1,돈다발 레시피 팝니다,박슥가,4시간 전,20,0
2,아이템 구해요,호로롱,6시간 전,32,1
3,모든 주민 액자 팝니다,당근이 먹고싶다,17시간 전,109,0
4,레시피 삽니다.,시니해류,19시간 전,39,0
5,빛이끼 팝니다 덩쿨이랑 같이(거래 완료)👍,Yunjii,20시간 전,49,1
6,창호지 문 벽구합니다,똔니,22시간 전,43,0
7,목제 3세트 사봅니다 (거래완),똔니,22시간 전,25,0
8,모니카 액자 15마일에 팔아요,상추,23시간 전,19,0
9,목제 오르골 레시피 구합니다,너굴은 8000시간 동린이,23시간 전,30,0
10,펜스 구함니다(끝),안녕내이름은,23시간 전,45,0
11,"산리오 헬로키티 가구,옷 팔아요",나짱,03.10,46,1
12,돈ㄷr발 레시피 구합미다.,안녕내이름은,03.10,73,5
13,중세의 거리 구합ㄴ니다.. (구했습니다!!!!!),동숲열심히하고싶어,03.10,73,5
14,리셋하지마세요..,나는 사실 만렙 2349,03.09,155,1
15,고양이 액자 구매합니다!,냐미ㅋ,03.09,60,1
16,거거 구합니다!,애플이광팬,03.09,64,1
17,50떡밥 마일티켓 8개에 팔아욥!!,주러기,03.09,36,0
18,빛이끼 사실분,서찡구,03.09,37,0
19,돈다발 레시피 구해요,두기,03.09,99,6
20,포스터 팝니다.,동숲하는 애,03.09,42,1
21,산리오 아이템 팝니다,서찡구,03.09,73,4
22,레시피 배우고 가세용,부지런한 만렙135,03.08,88,0
23,"산, 돌로만든 사자상(레시피)있으신분!!",도오오옹숲,03.08,84,0
24,서부의 거리 10개 구합니다(완),fiora,03.08,65,1
25,철광석 나뭇가지(거래완),똔니,03.08,59,3
26,사진속 아이템 구해요(거래완),똔니,03.08,77,1
27,목제 필드 간판 레시피 구해용,핑팽푱,03.08,46,1
28,글루민 액자 팝니다,사람이에여,03.07,49,7
29,가랑비가 내리는 벽 팔아요,애플애플,03.07,52,1
30,벼룩 있는 섬 찾아요!!(끝),이루어보자,03.07,64,1
31,액자 삽니다.,페니실린을 이겼어,03.07,50,2
32,레시피 구합니다.,시니해류,03.06,86,4
33,스트로 액자,티티 t t,03.06,45,2
34,사진속 템들 삽니다 컬러상관 없어용,똔니,03.06,89,1
35,(완료)산리오 세트 20마일에 팔아요,모비딕,03.06,162,4
36,떡밥 100개 마일티켓 15개에 팝니다.,쑤마일,03.06,37,0
37,사진속 아이템 구합니다 컬러 상관 없습니다(거래완),똔니,03.06,85,1
38,산 구합니다! 파실 분만 댓글 달아주세여,도오오옹숲,03.05,108,9
39,검은장미나눔!!,민경,03.05,61,2
40,과일 구합니다 (완),금손 휴먼 3399,03.05,114,1
41,"과일 구합니다(배,복숭아) 완",꾸꾸있섬,03.05,88,0
42,가구나눔합니다(완),fiora,03.05,59,0
43,과일 구합니다.,해피동숲,03.05,73,1
44,사진속 템삽니다~ 컬러 상관 없어요(거래완),똔니,03.05,104,1
45,철광석 삽니다 (거래완),똔니,03.05,47,1
46,"케로케로피 다리, 복도의자 파실 분 있나요..🥺",도오오옹숲,03.04,117,1
47,가구 잡화 만지작 가능한 섬 있을까요!,천상의 고인물 4626,03.04,71,0
48,액자 팝니다.,구고마치킨,03.03,65,0
49,주민 액자 구매합니다,냐미ㅋ,03.03,76,3
50,크리스틴 액자 삽니다,뚜앙이네,03.03,38,2
51,마일팔아요,동숲하는 애,03.03,114,0
52,포장 과일 (오렌지) 팝니다,노동 동린이,03.03,35,0
53,돈다발 레시피 팝니다,노동 동린이,03.03,53,0
54,펜스…,율s,03.03,42,1
55,저 좀 도와 주세요!,쿠키1358,03.02,96,0
56,떱밥여러개나눔 해주실분,천하통일 고인물 6811,03.02,47,0
57,(완)조개램프 레시피 삽니다 프라탑오십개님 사랑해요,왓챠웃34,03.02,59,4
58,떡밥 팝니다,새글글,03.02,45,0
59,덩으로 마일 사요!,부지런한 만렙135,03.02,45,2
60,액자 구매합니다!,냐미ㅋ,03.01,49,1
61,주민액자 팝니다,부지런한 만렙135,03.01,44,0
62,대나무 관련 레시피 팝니다,왓챠웃34,03.01,39,0
63,(완료)액자 팝니다.,페니실린을 이겼어,03.01,106,0
64,조개램프 레시피 삽니다,왓챠웃34,03.01,37,0
65,떡밥 200개 25마일에 팔아요 ! [완],구고마피자,03.01,55,1
66,검은장미 삽니다,주린 주린의섬,03.01,90,0
67,레시피배우러오실분?(완),fiora,03.01,57,0
68,떡밥 100개 15마일 (완),나짱,02.29,78,7
69,완)금물뿌리개 삽니다,주린 주린의섬,02.29,62,0
70,금 물뿌리개 레시피 삽니다,주린 주린의섬,02.29,42,0
71,주민 액자구매합니다🙂,냐미ㅋ,02.29,78,2
72,떡밥 100개 20마일에 사요,맛있는김치,02.29,75,0
73,떡밥 150개 22마일에 팔아요 (완),채이,02.29,62,1
74,"조개램프 레시피, 위대한조각 삽니다",왓챠웃34,02.29,27,0
75,"과일 교환원합니다(배,오렌지보유)",침착한 미니언 5015144,02.29,59,0
76,떡밥 100개 15마일에 팔아요,다롱이,02.29,99,3
77,돈다발 레시피 30마일에 사요 (완),신화속 요괴 7072,02.28,102,6
78,타이어 구해요!,세계 최강 입문자 1772,02.28,53,1
79,사과구합니다 !!! (완),앙팡맨000,02.28,57,1
80,떡밥 100개 15마일에 팔아요 (완),신화속 요괴 7072,02.28,58,0
81,섬꾸 물건 구입 아니면 카탈로그원해요,주린 주린의섬,02.28,74,0
82,오렌지 구합니다 !,럭키가이 쪼렙 8612,02.28,81,1
83,머메이드 가구 팔아여,부지런한 만렙135,02.28,36,1
84,돈다발 레시피 삽니다! ( ｡ﾟДﾟ｡) -완료-,달디단밤양갱,02.28,80,0
85,배 체리 구합니다 (완),앙팡맨000,02.28,83,0
86,카탈로그에 등록된 가구 주문해드려요,쿠루미루쿠,02.28,55,3
87,가랑비가 내리는 벽 사요,라일라일라이리,02.28,46,0
88,덩으로 마일삽니다~~~ (완),앙팡맨000,02.27,84,6
89,돈다발 레시피 삽니다(완료),달디단밤양갱,02.27,63,1
90,배(과일) 1마일 구해요.,시니해류,02.27,57,0
91,액자 팝니다,구고마치킨,02.27,77,2
92,천장고정선반 레시피 1마일에 사영,릿처드,02.27,26,1
93,쌓인 책 레시피 1마일에 사요,릿처드,02.27,22,0
94,별시계 레시피 1마일에 사여,릿처드,02.27,23,0
95,가랑비가 내리는 벽 1마일에 사요,릿처드,02.27,33,0
96,떡밥사요 (완,마먕이트,02.27,78,0
97,초록낙엽 레시피 30마일에 구해봅니다.,폭주하는 동생 7065,02.27,34,0
98,오렌지 배 체리 구합니다!,웃고있는 멍뭉이 1140290,02.27,61,0
99,레시피 200여개 팔아요,왓챠웃34,02.27,77,1
100,"떡밥 팔아요 33개 3마일,,",도오오옹숲,02.27,63,1
101,떡밥 150개 24마일,밍수수,02.27,96,0
102,조개램프 레시피 삽니다,왓챠웃34,02.27,73,0
103,"신비한 벽, 바닥 삽니다 (완)",라일라일라이리,02.27,92,0
104,레시피 팔아요! 각 1마일,도오오옹숲,02.27,46,0
105,떡밥 100개 20마일,l닭가슴살l,02.27,43,0
106,덩으로 마일 살게요 (완),앙팡맨000,02.26,150,0
107,타이어3개!,(알 수 없음),02.26,56,0
108,떡밥 100개 20마일로 팝니다ㅠㅠ (거래완료),어푸,02.26,65,0
109,"마일, 돈 나눔 해주실 천사분!",KiKi,02.26,79,0
110,소박한 목제 간판 완제품4개 or 레시피 삽니다,도오오옹숲,02.26,51,0
111,타이어 삽니다,이루어보자,02.26,52,1
112,"달체어,별조명 레시피나 완제품 구해요!(완)",루비조아,02.26,56,1
113,돈다발 레시피 삽니다.(완료),쪼꼬베리,02.26,57,0
114,타이어 삽니다!,이루어보자,02.26,28,0
115,소박한 목제 간판 레시피 1마일에 구합니당!,럭키가이 도적 6097,02.26,38,0
116,(구함) 다육식물 1마일에 사요,릿처드,02.26,52,0
117,(구함) 판초코트 교환/1마일에구매,릿처드,02.26,45,0
118,위대한 조각 삽니다 제 발 요~!~!,도오오옹숲,02.26,36,2
119,떡밥 삽니다,똘똘이,02.26,56,0
120,"중세의 거리, 서부의 거리 만지작 구해요 🥲",B03,02.26,89,2
121,제섬 에서 도박하실분?,홍홍홍,02.25,106,0
122,과일 교환 원해요,빵심맘,02.25,61,0
123,진주 & 금광석 팔아요,홍홍홍,02.25,66,0
124,희귀버섯 팔아요!!,홍홍홍,02.25,29,0
125,돈다발레시피 팝니다~ 1개 35마일 2개 65마일,돈다발,02.25,86,1
126,"우쿨렐레, 목제 오픈 쉘프 레시피 구합니다",조개 침대,02.25,33,2
127,떡밥 300개 팔아요,학살중인 군주 9060,02.25,27,0
128,조개램프 레시피 or 완제품 구매 원해용,왓챠웃34,02.25,29,0
129,금장미 하이브리드 빨간장미(파란장미나오는) 파란장미 거래함미다~,워터플래그,02.25,42,2
130,철광석 2개면 되는데..,동린이임다,02.25,65,1
131,벨사여,전설의 사령관 9491,02.25,55,0
132,궁전벽지 구합니다.,전국제패 겜돌이 8472,02.25,31,1
133,유럽풍 가구 구해요!,꾸꾸누나,02.24,49,4
134,금장미 모종 팔아용,왓챠웃34,02.24,107,0
135,초록낙엽레시피 50마일에 구합니당,냐미ㅋ,02.24,49,0
136,"별의 조각, 커다란 별의 조각 구합니다~",짱구야옷입어,02.24,77,0
137,덩으로 마일 살게요(완),도오오옹숲,02.24,190,0
138,위대한조각 삽니다,왓챠웃34,02.24,38,0
139,가구 나눔[예약완료],fiora,02.24,103,2
140,제발 거거 낱개로 한개만 파실분 있나요 ㅠㅠㅠ 가구 만들어야하는데 제발 ㄷ도와주세요,가로니,02.24,84,0
141,"2호,재스민,돈후상 무분해여!",사람이에여,02.24,36,0
142,진주 삽니다!,애플이광팬,02.24,65,0
143,(판완) 리처드 액자 10마일에 팔아요,릿처드,02.23,42,1
144,인기주민 액자 팔아용,럭키가이 모험가 552,02.23,125,1
145,떡밥 팔아요 300개 있어요,쪼꼬베리,02.23,58,0
146,산리오 템 구,어쩔 모롱,02.23,64,0
147,파란장미 나눔,동숲하는 리키,02.23,114,0
148,우쿨렐레 레시피 구합니다ㅠ,조개 침대,02.23,38,3
149,포장과일 구합니다!,조개 침대,02.22,70,0
150,은방울모종 삽니다,꽃린,02.22,57,0
151,유럽풍 가구. 구합니다,꽃린,02.22,38,0
152,만지작 구합니다!! 🚗 [완],d룰루랄라b,02.22,100,0
153,떡밥 300개 50마일에 팔아요,쪼꼬베리,02.22,39,0
154,"쭈니,스피카,애플 액자 팔아요.",치즈주는 로보트 7551368,02.22,41,1
155,"보리밭,해태조각상 사요!! 만지작도 환영이여!",마먕이트,02.21,105,5
156,머메이드 레시피/머메이드 세트 삽니다!,애플이광팬,02.21,57,0
157,돈다발 레시피 삽니다~ (거래 완,애플이광팬,02.21,112,1
158,복고양이 삽니다,똘똘이,02.21,56,0
159,구신템 만지작 구합니다,꿈에서본 트롤 2490,02.21,59,1
160,주민액자 구해요,뚜앙이네,02.21,102,0
161,패밀리 구해요,루비I나누리섬,02.21,31,1
162,"중간 곰인형, 작은 곰인형 구합니다[완]",fiora,02.21,64,1
163,(완)부옥이 달 레시피 팔아용,왓챠웃34,02.21,69,0
164,만지작 구합니다!! 🏕️ [완],d룰루랄라b,02.21,99,0
165,거룩한 조각 구해여...끄흙끄흙 ㅜㅜ(완),루비조아,02.21,78,0
166,돈다발 레시피 팝니다,치즈주는 로보트 7551368,02.21,69,1
167,(구함) 새 튜브 3000벨에 구해요,릿처드,02.21,46,1
168,(구함) 튜브 2000벨에 구해요,릿처드,02.21,30,1
169,초록낙엽 레시피 구해용,젤리,02.20,36,1
170,"낚시템, 해적템 삽니다",똘똘이,02.20,79,0
171,완)무트코인 개떡상 했는데 마일이랑 바꾸실 분,시베리아잘생김,02.20,207,0
172,돈다발 레시피 팔아용,도오오옹숲,02.20,85,0
173,떡밥 220개 팔아요,떡밥,02.20,72,0
174,돈다발 레시피 팔아요,금손 언데드 845,02.20,68,0
175,무 180벨 이상이신분,데굴데굴,02.20,35,0
176,떡밥 구해요ㅠㅠ,주린 주린의섬,02.20,72,0
177,채소랑 과일팔아요,주린 주린의섬,02.20,47,1
178,복숭아 체리 외 과일 얻고 싶어요,솔플잘하는 동생 4778,02.20,184,2
179,돈다발 레시피 팔아요,똘똘이,02.20,91,0
180,"복숭아, 체리, 배 교환해주실분 계신가요?ㅠ",신화속 누나 9484,02.19,60,1
181,떡밥 100개 20마일에 사가실분 ㅜㅜ,봉추,02.19,69,0
182,복숭아/체리 있으신분 ㅜㅜ,봉추,02.19,79,0
183,일반목제 2세트 4마일에 구합니다(거래 완),너굴은 8000시간 동린이,02.19,69,0
184,구합니다ㅠ,조개 침대,02.19,51,0
185,마일티켓거래,인방보는 AI 6383615,02.19,78,0
186,(끝)마일 진짜 급해요..ㅠㅠ,애플이는 사랑입니다,02.19,82,0
187,해적템 삽니다,똘똘이,02.19,145,2
188,사과 구합니다!!!,바쁜 공주 8225464,02.19,54,0
189,"과일,작물 교환 하실분",행복한 참외 2489497,02.19,63,0
190,사과 열매 구해요,시베리아잘생김,02.19,99,1
191,목재 구해요!,마먕이트,02.19,60,0
192,죠니템 팔아요,부지런한 만렙135,02.18,121,1
193,과일 구합니다ㅠㅠ.(사과),바쁜 공주 8225464,02.18,84,2
194,중복 레시피 팝니다!,부지런한 만렙135,02.18,80,0
195,떡밥구해요,미랑,02.18,58,0
196,과일 교환 원해요...,꿈꾸는 전사 5636002,02.18,55,0
197,완)돈다발레시피 30마일에 삽니다,개나리,02.18,57,0
198,과일 나눔 해주실분~~,새글글,02.18,89,0
199,팔아영ㅎ 액자가 짱 많아영ㅎ 일괄이영ㅎ,열렙 중인 입문자 281,02.18,174,1
200,돈다발 레시피 구해요🥹,웃고있는 키위 4442121,02.18,62,0
201,레시피 배우러 오세요[완],fiora,02.18,128,0
202,주민 나눔 이벤트 선착아님(마감),김데이비드,02.18,277,5
203,산리오? 옷 세트 구합니다.,구고마치킨,02.17,118,10
204,"마일 급구,,,,,,,,",부지런한 만렙135,02.17,125,0
205,(구함) 소박한 목제간판 1마일에 구해요,릿처드,02.17,73,0
206,(구함) 도서관 벽 1마일에 구해여,릿처드,02.17,41,0
207,(구함) 개집 1마일에 구해요,릿처드,02.17,43,0
208,떡밥팔아요,윤쩡,02.17,46,0
209,스피드나눔 )기본+희귀 꽃 모종 필요하신분 -완료,뚜앙이네,02.17,160,0
210,사과 관련 아이템 급구합니당 .ᐟ.ᐟ,큐룽,02.17,55,0
211,허수아비,이 구역의 초보 4170,02.16,62,0
212,주민액자 팔아여,부지런한 만렙135,02.16,80,1
213,재료 판매 합미다,부지런한 만렙135,02.16,56,1
214,과일 교환 원해용...,배고픈 휴먼 90401679356660825,02.16,80,0
215,검은장미 나눔,민경,02.16,33,0
216,검은장미 팝니다!,민경,02.16,27,0
217,떡밥 100개 팔아요 20마일,전국제패 만렙 짱맨,02.16,43,0
218,도마 혹은 도마 레시피 구해요!,반짝이는 선장 1643358,02.16,65,2
219,돈다발 레시피 구해요! [구했어요 감사합니다!],떡밥,02.16,82,1
220,떡밥구해요ㅜㅜ,인방보는 AI 6383615,02.16,51,1
221,돈다발 레시피 팝니다,치즈주는 로보트 7551368,02.16,101,0
222,떡밥 100개 팔아요,전설의 사령관 1094,02.16,43,1
223,가구 DIY 🛠️ ㅠㅠ,d룰루랄라b,02.15,106,1
224,시베리아 액자 판매합니다,고양이가왔섬가지마,02.15,27,2
225,"성문,성탑,중세의 거리,서부의 거리 만지작 구해요",젤리,02.15,83,1
226,과일나무 가져가세용 🍒🍎🍑🍊🍐 [완],d룰루랄라b,02.15,145,3
227,과일 [배] 벨이랑 교환 해주실 분..ㅠㅠ(완료),도도한 광전사 7921,02.15,90,0
228,마일 얻어서 한번더 올려봅니다,너굴은 8000시간 동린이,02.15,101,0
229,떡밥 구해요~~~,뚜앙이네,02.15,53,0
230,버섯원목 구해요,이 구역의 초보 4170,02.14,72,0
231,"(완)쭈니, 잭슨 액자 팝니당",구구단을외자,02.14,89,2
232,희귀버섯 팝니다,홍홍홍,02.14,40,1
233,돈다발 레시피 팝니다,홍홍홍,02.14,157,0
234,돈다발 레시피 삽니다,네이버최강 엘프 8909,02.14,77,1
235,초록낙엽 레시피 구합니다!!,이루어보자,02.14,27,0
236,포장과일 팔아요,부지런한 만렙135,02.14,44,0
237,"(완)성문,성탑,중세의거리 만지작 구해용",NST,02.14,135,2
238,(거래완료),몽지mongji,02.13,110,3
239,만지작 구합니다! 🏰 [완],d룰루랄라b,02.13,149,2
240,래시피 마니 팔아용ㅎ 일괄이에용ㅎ,열렙 중인 입문자 281,02.13,116,3
241,여깄는거 다 사요~~,섬꾸방금시작,02.13,187,0
242,버섯원목/버섯파티션/버섯램프 레시피 마일로 사요,몽지mongji,02.13,44,0
243,금광석 . 진주 팔아요,홍홍홍,02.13,86,0
244,(거래완료),몽지mongji,02.13,106,0
245,(거래완료),몽지mongji,02.13,90,0
246,아이템 레시피 구합니다,너굴은 8000시간 동린이,02.13,56,0
247,떡밥 100개 팔아용,돈다발,02.13,50,0
248,"성탑,성문,성벽,중세의 거리 삽니다",딸기맛오사쯔,02.12,90,0
249,보리밭 판매합니다 !!,큐룽,02.12,87,0
250,중세의거리(아이보리) 20개 삽니다,fiora,02.10,58,0
251,거거 4개 구합니다.,윤쩡,02.09,94,0
252,제발좀 가져가세요..무료입니다..ㅠㅠ(다 버렸어요),김데이비드,02.09,1054,4
253,중복레시피 팝니당,체원,02.09,101,0
254,complete~♥︎,티루 t i r u,02.09,109,1
255,보스터 사진 15마일에 팔아요,상추,02.09,79,0
256,중복 레시피 팔아요,체원,02.09,125,2
257,무값 491벨입니닷 선착 1명 입니닷 10분제한 있습니다,사람이에여,02.09,93,0
258,돈다발 레시피랑 떡밥 팔아요!,뗑컨혁,02.09,113,0
259,토용나눔!(한분만)(완),루비조아,02.09,74,0
260,포장과일 나눔,김데이비드,02.09,51,0
261,파란장미 완전 싸게 팔아요..,김데이비드,02.09,104,0
262,교배 장미 팔아요,김데이비드,02.09,48,0
263,레시피 무료나눔,해피도,02.09,125,3
264,"덩으로 가구,레시피 삽니다",연꽃,02.09,87,0
265,팔아주세요! 🧸,d룰루랄라b,02.08,155,2
266,"릴리, 퍼머거 액자 팔아요",상추,02.08,53,1
267,옷 나눔해요,김데이비드,02.08,67,2
268,사기꾼 ( 우진 )조심하세요,뚜앙이네,02.08,179,4
269,(완료)돈다발 레시피 구해요,네이버최강 사령관 7191,02.08,126,1
270,간이창고 구해요 (완료),유지니,02.08,72,1
271,포장과일(오렌지🍊)팔아요 !,금콩,02.08,53,1
272,"낙엽,초록낙엽 레시피 구해요ㅠㅠ",연꽃,02.08,29,1
273,돈다발레시피 필요하신분!! 판매합니당!‘,갖고싶은 전학생 1141,02.08,114,1
274,풀카탈 구/신 만지작 구해요,사냥하는 쿠키 3307875,02.08,66,0
275,완)떡밥 구해요!,즐겜중인 누나 48381704026158165,02.08,69,0
276,떡밥 팔아요(완),금손 형 5722,02.08,107,1
277,레시피 구해요.,이루어보자,02.08,74,1
278,포장과일 나눔해여,김데이비드,02.08,93,1
279,파란장미 가져가실분...(무료),김데이비드,02.08,140,2
280,순정패치 분양해요,날카로운 암살자 5288,02.08,20,0
281,초순정 스피카 25마일 분양,김데이비드,02.08,71,0
282,구합니다!,조개 침대,02.08,51,0
283,돈다발 레시피 삽니다,네이버최강 엘프 8909,02.07,77,5
284,초순정 스피카..분양합니당,김데이비드,02.07,32,1
285,창고처리용 중복레시피 판매해요!,쿠루미루쿠,02.07,231,0
286,섬에 넘쳐나듯이 불어나는 하이브리드 빨간장미와 금장미 검은장미를 판매합니다,워터플래그,02.07,63,0
287,스피카 돈다발 레시피랑 교환하실 분 구해욤!,찌릿찌릿,02.07,134,0
288,스피카분양. 얼음. 머메이드. 조개. 별조명 레시피사요 내용필,날카로운 암살자 5288,02.07,63,1
289,[완료] 액자 판매,페니실린을 이겼어,02.07,115,2
290,"목제스툴, 버섯원목 레시피 구해요 급해요ㅠㅜ",잡다한 재능 소유쟈,02.07,33,0
291,아무나.. 관심좀..(?,잡다한 재능 소유쟈,02.07,151,2
292,떡밥 220개 팔아요!,떡밥,02.07,57,0
293,모든 아이템 판매 및 원하시는 아이템 만지작 !! 세일 해용 :),잡다한 재능 소유쟈,02.07,72,2
294,성탑 만지작,B03,02.07,91,0
295,만지작 구합니다! [완],d룰루랄라b,02.07,165,2
296,오늘 저녁 무500이상 파트너? 구해요 (무파니97벨),뚜앙이네,02.07,57,0
297,케로케로케로피 복도의자 삽니다(10만벨),규리,02.06,123,2
298,벨로 마일 구해요,김데이비드,02.06,46,1
299,마일 구매합니다,하루,02.06,52,1
300,이정표 레시피 구해요ㅠ,조개 침대,02.06,55,0
301,부드러운 목재 3셋 구해요 급해용ㅠㅜㅜ,미루우,02.06,111,0
302,돈다발 레시피 원해용.......,찌릿찌릿,02.06,60,0
303,부드러운 목재 2셋 2덩에 파신다는분,잡다한 재능 소유쟈,02.06,29,0
304,버섯램프 레시피 구해요!,삐따기21,02.06,24,1
305,완)소박한목제간판 레시피 구해요,뚜앙이네,02.06,103,0
306,"문복이, 탁호 입양",김데이비드,02.06,50,0
307,(판완) 문복 분양 받으실분…,릿처드,02.06,61,0
308,서양식정자. 퍼걸러. 가로등(마일상점꺼)삽니다,라운지 초심자 a624273,02.06,48,3
309,레시피 판매해용!,가리비구이,02.05,86,1
310,돈다발레시피구해요,금손 수호신 7880,02.05,62,0
311,이정표 레시피 구합니다!,조개 침대,02.05,37,0
312,돈다발 레시피 구해요! [완],KiKi,02.05,115,0
313,일괄로 레시피 팔아영ㅎ,열렙 중인 입문자 281,02.05,100,1
314,별똥별 레시피 전부 구해요!!,삐따기21,02.05,63,1
315,이정표 레시피 삽니다!,조개 침대,02.05,62,0
316,"과일,포장과일 판매합니다",빕비붑,02.05,45,0
317,커다란 리본 빨간색 있으신 분,울타리나와라,02.05,68,0
318,떡밥 100개 팔아요(완),빕비붑,02.05,59,0
319,"(완)과일 (체리, 복숭아) 구합니다 ㅜㅜ",NST,02.05,93,1
320,떡밥 지금바로 삽니다,몽구,02.05,66,4
321,파란장미화관이나 리스 레시피 구함니다,김메기,02.04,47,3
322,팔아주세요! 🌿 [완],d룰루랄라b,02.04,203,0
323,(완)떡밥 100개 팝니당,나연두부,02.04,49,0
324,"단단한목재, 부드러운목재, 돌, 철광석, 점토 셋당 1마일 팔아여",김메기,02.04,90,3
325,보리밭 있으신분!,아이보,02.04,95,0
326,복숭아 사과 구해요! [완],조개 침대,02.04,84,2
327,[마감] 은방울꽃 1송이 = 1마일 판매,페니실린을 이겼어,02.04,128,0
328,체리 복숭아 구합니다,전설의 광전사 6093,02.04,58,0
329,파란장미 팝니당,우랭이,02.04,43,0
330,자연풍 가구 나눔 해주세요…ㅠ,연꽃,02.04,46,0
331,모든과일팔아요,빕비붑,02.04,62,1
332,떡밥100개 20마일티켓에 팔아요,전국제패 사령관 6569,02.04,21,0
333,(거래완료),몽지mongji,02.04,284,2
334,무파니 있으신분,김데이비드,02.04,68,0
335,"완) 과일 거래 (저 복숭아, 체리 있어요!)",즐겜중인 누나 48381704026158165,02.04,136,0
336,돈다발 노가다 하실분!!,김데이비드,02.04,53,0
337,마일 두번째 진행,페니실린을 이겼어,02.04,150,2
338,마일티켓 5개 팝니당,전국제패 사령관 6569,02.04,60,0
339,가든벤치 레시피 구합니다ㅠ,조개 침대,02.03,41,0
340,마일티켓10개 팔아요...,전국제패 사령관 6569,02.03,86,0
341,김데이비드님 !!,잡다한 재능 소유쟈,02.03,75,0
342,샹펜 액자 팝니다. (완료),구고마치킨,02.03,50,0
343,메이드복 사요,아이보,02.03,68,0
344,버섯 리스 레시피 필요하신분 ?? 나눔 해드려용,잡다한 재능 소유쟈,02.03,49,0
345,김데이비드님 !!,잡다한 재능 소유쟈,02.03,40,0
346,🍓베리🍓쇼핑몰 판매해요! 파격세일💕💕,잡다한 재능 소유쟈,02.03,51,2
347,"루비조아, 유지니님 옷 마디 완성됐어용💕",잡다한 재능 소유쟈,02.03,35,2
348,잡다한 재능 보유쟈님!,prisca,02.03,181,0
349,파란장미 팔아요,미으,02.03,52,0
350,완료)돈다발 레시피 30마일에 양도 받아요!,즐겜중인 누나 48381704026158165,02.03,72,0
351,마일 나눔 해주실분,홍홍홍,02.03,61,0
352,무값 100벨 넘으신분 계신가요,즐겜중인 뉴비 8790,02.03,74,0
353,🍓베리🍓쇼핑몰🪡선착 2분 무료 주문제작❣️,티루 t i r u,02.03,91,1
354,DIY 레시피 구합니다 ㅠ 판매도 해요,조개 침대,02.03,85,1
355,떡밥 200개 40마일에 팔아오,꿈에서본 군주 7701,02.03,22,0
356,포장과일 팔아요,김데이비드,02.03,37,0
357,DIY레시피 교환 및 구매,조개 침대,02.03,46,0
358,"과일, 야채 팔아요",김데이비드,02.03,58,0
359,무트코인,비비디,02.03,133,1
360,떡밥 300개 60마일,루비,02.03,47,1
361,"벨이 필요해서 팔아요 (오로라 액자, 토용 ,중복레싶,과일,야채)",뚜앙이네,02.02,212,5
362,2덩으로 1마일 구해요!!,처드,02.02,131,1
363,완) 마일티켓으로 덩 구해요,안녕하세용용,02.02,61,0
364,(판완) 액자 팔아요,릿처드,02.02,145,2
365,미첼이 액자 팔아요,김데이비드,02.02,43,0
366,포장과일,김데이비드,02.02,27,0
367,모든 과일 다 팔아요,김데이비드,02.02,70,1
368,"체리, 배 구해요!",핑킹가위,02.02,44,0
369,교배 장미 팔아요,김데이비드,02.02,61,0
370,보리밭 팔아요,김데이비드,02.02,86,0
371,"나뭇가지,목재,부드러운목재,돌 등등 팔아요",주린 주린의섬,02.02,57,0
372,<완료>복숭아 사과 구합니다..,리윤,02.02,71,0
373,사진 무한매입,김데이비드,02.02,87,0
374,스피카 분양 보냅니다! (완),아이보,02.02,106,0
375,잭슨이 분양 보내요!,고뇌하는 평민 4756,02.02,57,0
376,🍓베리🍓쇼핑몰 의류팔아요 !(마디 X)🛍🧷,잡다한 재능 소유쟈,02.02,62,1
377,[끝]절벽이랑 잡초 나무 꽃 뽑는 노동 하실분.. 마일 20씩 드려요!!,나만업어뽀야미,02.02,83,0
378,옷구합니다 (완),유지니,02.02,74,0
379,[완료] 인기주민 액자 나눔..,페니실린을 이겼어,02.02,189,0
380,완료) 복숭아 오렌지 체리가 필요한데 파란장미랑 교환하실분 계실까요?,김메기,02.02,136,0
381,무 값 300이상이신분!! 마일 원하시는 만큼 들고 찾아가고싶어요 ㅠㅠ,나만업어뽀야미,02.02,39,1
382,이 글을 보신 선착 2분 !! 댓글 달아주세요 !!제발..,잡다한 재능 소유쟈,02.02,90,1
383,(무료)마이디자인 선착 2분께 주문제작해드려요 !! 빠르게 2분 모실게요ㅠㅜ,잡다한 재능 소유쟈,02.02,39,1
384,[마감] 나눔 2차,페니실린을 이겼어,02.02,167,0
385,사영ㅎ,열렙 중인 입문자 281,02.02,86,0
386,과일 사고 싶어요,배고픈 검사 6622,02.02,113,0
387,김데이비드님 !!,잡다한 재능 소유쟈,02.02,77,1
388,🍓베리🍓주문제작 받아요 !! 1마일 !!🥰 (세일중),잡다한 재능 소유쟈,02.02,71,1
389,(판완) 문복 액자 팔아여,릿처드,02.02,47,2
390,가구삽니다(완),꽃린,02.02,72,2
391,잡다한 가게🏪🛍 어서 와서 필요한거 사가요 !!!,잡다한 재능 소유쟈,02.02,93,2
392,나눔..(마감)..다음 기회에..,페니실린을 이겼어,02.02,202,2
393,돈다발 레시피 구함다!!,천하태평 모범생 6863,02.02,70,1
394,파란장미 리스 레시피구해요,우랭이,02.01,56,2
395,마일로 덩 구합니다!!,김메기,02.01,80,1
396,보리밭 구입하실분,김데이비드,02.01,95,0
397,과수원 열었습니다..,김데이비드,02.01,119,5
398,카탈템 대리주문알바 완료,쿠루미루쿠,02.01,162,0
399,"뉴비 체리, 복숭아, 오렌지 구해요",LKGST,02.01,122,0
400,체리나무 갖고싶어요오[완],반짝이는 선장 1643358,02.01,137,1
401,돈다발레시피 삽니당,러블리한 딸기 1889072,02.01,54,0
402,마일 5개 급구,낚시왕 도적 5247,02.01,85,0
403,노란 페르시아 융단 구합니다(수정),너굴은 8000시간 동린이,02.01,55,0
404,금장미 리스 구해요,젤리,01.31,26,0
405,ATM기 팔아여,젤리,01.31,51,1
406,떡밥100개 20마일로 팔아요,뚜루,01.31,67,0
407,[거래완료] 홉킨스 액자 사진 팝니다,고양이가왔섬가지마,01.31,73,2
408,"금장미 리스 레시피,파란장미 화관 레시피 구해요",젤리,01.31,35,0
409,고액 거래 품복에 돈다발 뜨신분 있으신가요 ㅠㅠ,젤리,01.31,135,0
410,과일 체리 구해요..!,고뇌하는 평민 4756,01.31,82,2
411,무한매입합니다,김데이비드,01.31,132,0
412,쓸모없는 물건들 있으신분들..,고뇌하는 평민 4756,01.31,43,0
413,일괄로 팔아영ㅎ,열렙 중인 입문자 281,01.31,47,0
414,아이언우드 수납장 구합니다(거래 완),너굴은 8000시간 동린이,01.31,33,0
415,2덩으로 1마일 구합니다,릿처드,01.31,74,0
416,돈다발 레시피 나눔해주실 분 구해요 ㅜ,모카0328,01.31,63,0
417,"철,돌,점토,목재 구합니당",연우,01.30,71,1
418,울타리 사용,연우,01.30,71,0
419,무파트너 하실분!!,김데이비드,01.30,43,0
420,모든 레시피 구해용,연우,01.30,65,0
421,진짜 엄청 급해요 엄청 진짜ㅜㅠ,미루우,01.30,89,0
422,덩으로 마일 구해요,김데이비드,01.30,61,0
423,스트로베리 액자 팝니다 (완료),구고마치킨,01.30,50,0
424,미루네 할인마트🏪,미루우,01.30,40,1
425,돈다발 레시피 마일받고 팔게요,얄미운 요괴 2151,01.30,106,0
426,마일로 덩 구합니다!,부드러운 파괴왕 6733,01.30,68,0
427,마일로 덩 구합니다 최대 100마일,나만업어뽀야미,01.30,114,0
428,포장과일 팔아요!,김데이비드,01.30,30,0
429,마일여행권사여,낚시왕 도적 5247,01.30,62,2
430,버섯원목레시피 구해요,유지니,01.29,28,1
431,떡밥100개 20마일 팔아요,뚜루,01.29,29,1
432,동화풍 가구 구해요,김데이비드,01.29,33,1
433,철광석 두둥탁!,d룰루랄라b,01.29,50,1
434,떡밥,뚜루,01.29,76,0
435,미루네 할인마트 (본점)(?) 😏😆,미루우,01.29,77,3
436,미루네 할인마트 (재료점) ⚒️,미루우,01.29,121,1
437,미루네 할인마트 (과수원점) 🍎🍐🍑🍒🍊,미루우,01.29,84,1
438,"(완) 펜스,보리밭,서부의 거리 템사요!",미으,01.29,86,0
439,(완)저 체리인데 과일 교환하실분??,치킨먹는 파괴왕 4622,01.29,54,0
440,잡다한 재능 소유쟈입니당(거래하기로 했던 분들 봐주세엽),미루우,01.29,102,0
441,선착 3명) 게시판에 그림 그려드립니다!🎨(무료) 제발 신청해주세욥..ㅠ,잡다한 재능 소유쟈,01.29,119,2
442,무값 153벨입니당,잡다한 재능 소유쟈,01.29,17,0
443,돈다발 레시피 25마일에 삽니다,물벼룩1567,01.29,69,0
444,게시판 알바해드려용 !,잡다한 재능 소유쟈,01.29,65,1
445,핑크장미 3송이 1덩에 팝니당 ~,잡다한 재능 소유쟈,01.29,23,0
446,급구해영 마일 마니드려영ㅎㅎ,열렙 중인 입문자 281,01.29,93,1
447,거룩한 조각 구해요 진품 가품 상관없음,즐겜중인 파괴왕 2401,01.29,83,1
448,"화단, 카페 테이블 구해요",나는 사실 누나 1164,01.29,82,2
449,목제 구해용,젤리,01.28,38,1
450,(완료)🍑 🍊 로 🍐 🍎 교환 해주실분 계실까요~,뚜앙이네,01.28,60,0
451,떡밥100개 20마일에 팔아요~,사이다사랑헤,01.28,24,0
452,(완료)체리로 배 교환해주실분,망사장,01.28,33,0
453,일괄로 마일로 마니구해영ㅎ,열렙 중인 입문자 281,01.28,65,0
454,과일 팔아요 (🍎🍒🍑 있어요),지율,01.28,87,0
455,그랜드 피아노 구해여,배고픈 트롤 4780,01.28,31,0
456,과일이 필요해요ㅛ,지율,01.28,204,0
457,사다리 기부해주시면 감사하겠습니다 ㅠㅠ,고뇌하는 뉴비 7844,01.28,66,0
458,혹시 장대 저힌테 기부하실분,고뇌하는 뉴비 7844,01.28,56,0
459,머메이드 레시피 삽니다!,네이버최강 탐험가 2908,01.28,68,1
460,돈다발 레시피 사요!,럭키가이 동생 5776,01.28,53,0
461,"(완료)과일 ,작물 교환 하고싶어요",뚜앙이네,01.27,209,0
462,포장과일 삽니당,연우,01.27,88,0
463,금 물뿌리개 구해요,연우,01.27,35,0
464,금장미 모종 구해요,연우,01.27,59,0
465,"솔방울,도토리 40개 거래하고싶어요",유지니,01.27,33,0
466,금물뿌리개 구해여,젤리,01.27,90,1
467,[완료] 소박한 목제 간판 DIY 레시피 구해요,초록,01.27,72,0
468,선착 2명에게 포장과일 40셋 드립니댱 (마감),잡다한 재능 소유쟈,01.27,82,1
469,포장과일 좀 사가주세용..😥😥(나름 사연있음),잡다한 재능 소유쟈,01.27,157,1
470,초록 낙엽 레시피 교환!!,잡다한 재능 소유쟈,01.27,69,0
471,체리로 교환하실분?!?!🍎🍒🍊🍑🍐,세계 최강 탐험가 2081,01.27,82,2
472,액자작 필수 아이템!!)포장과일 팔아요 ~🍎🍑🍐🍒🍊,잡다한 재능 소유쟈,01.27,61,0
473,(거래 완료) 오르골 팔아주실분~,지율,01.27,106,0
474,포장과일 400셋 100마일에 팝니댱,잡다한 재능 소유쟈,01.27,18,0
475,레시피 팔아요!,김데이비드,01.25,120,1
476,"-생일파티 열어요!!!- 알바비 200,000벨",ㅣ얏히ㅣ,01.25,84,2
477,금장미 모종 구해용,연우,01.25,65,0
478,꽃 팝니다,미으,01.25,69,0
479,마감) 무배달원 구합니다-!,동린이에여ㅜㅠ,01.25,123,1
480,금물뿌리개 구해용,연우,01.25,29,0
481,완)떡밥팝니다,망지섬,01.25,47,0
482,금장미 모종 구합니당,연우,01.25,44,0
483,급구!!ㅜㅠ)핑크 장미 6송이 있으신 분들..ㅠ,잡다한 재능 소유쟈,01.25,103,1
484,사과 구해요🍎,찹쌀도넛츠,01.25,127,0
485,꽃 알바 합니당ㅇ,김데이비드,01.25,47,0
486,액자작 포장과일판매🍎🍊🍒🍐🍑,잡다한 재능 소유쟈,01.25,132,2
487,[완료]과일 교환해요!,지현2,01.25,79,3
488,돈다발레시피 구해용,연우,01.25,62,0
489,🧸 판매해요 🧸,또도야,01.25,165,0
490,혹시 하양색 쪽쪽이 있으신분,배고픈 파괴왕 2436,01.24,52,0
491,마일로 덩 구해용,연우,01.24,84,0
492,거거 나눔 해주실분 있으신가요..,젤리,01.24,65,1
493,마일로 덩 구해요.ᐟ,연우,01.24,40,0
494,"금도구,황금장미 구합니당",연우,01.24,43,0
495,보라장미 4송이랑 분홍장미 9송이 기부해주실분ㅜ,잡다한 재능 소유쟈,01.24,37,2
496,저 중복레시피 글이 삭재되서 ㅜㅜ여기로 오세여!,사람이에여,01.24,59,0
497,저희 섬 과수원입니댱:) 구경하실분이나 과일 사실분??,잡다한 재능 소유쟈,01.24,87,3
498,알바 해드리구여..!! 아이템 판매도 합니당!,잡다한 재능 소유쟈,01.24,156,1
499,검정장미 팝니다!!!,워터플래그,01.24,28,0
500,액자 떡밥 대량구매합니댕 완료),쿠루미루쿠,01.24,97,3
501,돈다발 고가매입품목에 뜨신부운!!,잡다한 재능 소유쟈,01.24,48,1
502,마일로 덩 구해용,연우,01.24,79,2
503,돈다발 레시피 구해요,연우,01.24,44,0
504,금도구 구해용,연우,01.24,31,0
505,떡밥 팔아용,라운지대표 형 7197,01.23,31,1
506,"간이 창고 얻는법 , 거래",나만업어뽀야미,01.23,79,0
507,돈다발 고가매입 품목에 뜨신부운!!,잡다한 재능 소유쟈,01.23,90,0
508,마일로 덩 구해요,나만업어뽀야미,01.23,103,0
509,과일 팔아용,연우,01.23,73,0
510,"포장과일판매, 과일 판매, 과일 교환 받습니댱!!",잡다한 재능 소유쟈,01.23,79,0
511,주민 액자는 없는 관계로.. 포스터 무한 판매합니댱!,잡다한 재능 소유쟈,01.23,53,1
512,[완]아이언우드낮은테이블 레시피 사거나 만들어주실분!,천하통일 트롤 969,01.23,37,0
513,스피카 70마일에 대려가실분,배고픈 파괴왕 2436,01.23,105,2
514,루돌의 사진(루돌액자)팝니댱..!,잡다한 재능 소유쟈,01.23,59,1
515,패치 50~40마일에 대려가실분ㄴ,배고픈 파괴왕 2436,01.23,64,3
516,과일 교환 구합니당,고뇌하는 힐러 6313,01.22,144,0
517,돈다발 레시피 구합니댜ㅜ😥(완료!!),잡다한 재능 소유쟈,01.22,112,0
518,대용량 꽃 거래합니다(파란히아시스/금장미 메인)(상시거래),워터플래그,01.22,260,2
519,과일 팔아용,연우,01.22,46,0
520,진짜 어떡해요ㅜㅠ,잡다한 재능 소유쟈,01.22,70,0
521,음식점 오픈🥩🍖.ᐟ.ᐟ(??),잡다한 재능 소유쟈,01.22,75,2
522,(무한)떡밥 300개 팝니다,꿈에서본 수호신 9910,01.22,151,0
523,액자 완료,쿠루미루쿠,01.22,243,3
524,[ 완료 ] 와일드 통나무 벤치 급구해요,큐룽,01.22,64,0
525,소소한 무료나눔 2탄 (•U•),잡다한 재능 소유쟈,01.22,164,1
526,과일바구니 1개 삽니댱 급구우...ᐟ.ᐟ(완료),잡다한 재능 소유쟈,01.22,59,2
527,"[완]아이언가든벤치 레시피 , 플레이트아머 레시피 삽니다",천하통일 트롤 969,01.22,43,1
528,판매합니댱.ᐟ.ᐟ,잡다한 재능 소유쟈,01.22,85,0
529,카카오 있으신부운..??(완료),잡다한 재능 소유쟈,01.22,87,0
530,과일 구해요,천하통일 파괴왕 8442,01.22,69,4
531,[ 완료 ] 통나무 아이템들 급구합니당..🥺,큐룽,01.21,123,1
532,간이창고 구해요,젤리,01.21,63,0
533,(구함) 칠칠치 못한 침대 1덩에 구해요,릿처드,01.21,94,1
534,구해영 급구ㅎㅎㅎ,열렙 중인 입문자 281,01.21,111,1
535,중세의거리 5마일에 삽니다,ㅇㄹㅊㅌ,01.21,80,0
536,거거 있으신 분,부지런한 형 4782,01.21,94,0
537,과수원입니댱🍎🍊🍒🍐🍑,잡다한 재능 소유쟈,01.21,106,0
538,완)체리구해여,망지섬,01.21,80,0
539,떡밥 100개 20마일로 팔아요!!,상추,01.21,41,1
540,초록호박삽니다.햄찌집사님,고뇌하는 저승사자 895,01.21,60,0
541,초록 호박 삽니다,유지니,01.21,90,0
542,목제 / 부드러운 목재 / 단단한 목제 나눔 받습니다 ㅠㅠ,쉬밍하오,01.21,34,0
543,(구함) 접수 카운터 10000벨에 구해요,릿처드,01.21,45,0
544,오렌지로 다른 과일 구해요,젤리,01.21,44,0
545,사이다 사진 구해요!,애플아 날 가져,01.21,46,0
546,(구함) 컨트리옷장 10000벨에 구해요,릿처드,01.21,23,0
547,(구함) 이불탁자 1덩에 구해요,릿처드,01.21,33,0
548,대나무 쉘프 1개 구해영ㅜ 레시피도 좋아여ㅜ(완료),잡다한 재능 소유쟈,01.21,79,2
549,"성문,성벽,성탑,중세의거리,식물파티션 삽니다!!",ㅇㄹㅊㅌ,01.21,66,0
550,과일 교환 합니당,젤리,01.21,62,0
551,(구함) 흑백타일 벽 5000벨에 구해용,릿처드,01.20,49,1
552,과일 교환 하실 분!,부대라면,01.20,85,0
553,떡밥100개 20마일로 팔아요,상추,01.20,25,0
554,대나무 쉘프 구합미다ㅜ,잡다한 재능 소유쟈,01.20,21,0
555,과수원입니댜🍎🍊🍒🍐🍑,잡다한 재능 소유쟈,01.20,53,0
556,가든벤치 레시피 구해여ㅜㅠ,잡다한 재능 소유쟈,01.20,47,0
557,"기본 목제 3셋, 점토 3셋 덩으로 삽니다!",치킨먹는 휴먼 8315,01.20,32,0
558,아이템 급구😥😥 ㅜ,잡다한 재능 소유쟈,01.20,83,0
559,"애플,뽀야미 구해요",젤리,01.20,55,0
560,(구함) 칫솔&컵 아이템 1000벨에 구해욤,릿처드,01.20,53,1
561,샹펜 액자 판매,설뭉,01.20,41,0
562,(마감)체리 9개 1마일에 구해영!! 급합미당ㅜ,잡다한 재능 소유쟈,01.20,22,0
563,사진 구해여,애플아 날 가져,01.20,52,0
564,(구함) 드레이프 5000벨에 구해요,릿처드,01.20,30,0
565,아이템 구해여 진짜 급합미댜..ㅠㅜ,잡다한 재능 소유쟈,01.20,144,0
566,와일드통나무벤치 레시피 구합니당,잡다한 재능 소유쟈,01.20,15,0
567,시베리아 얻구 싶네영 . .,잡다한 재능 소유쟈,01.20,44,0
568,랜덤박스 가게입니댱🎁,잡다한 재능 소유쟈,01.20,113,1
569,"점토,철광석 팔아요",젤리,01.20,34,0
570,(구함) 샤워세트 5000벨에 구해요,릿처드,01.20,34,0
571,낮은 나무 울타리 1셋(50개) 판매합니다!,치킨먹는 휴먼 8315,01.20,21,0
572,(구함) 커튼 파티션 5000벨에 구해용,릿처드,01.20,59,2
573,돈다발레시피 삽니다,ㅇㄹㅊㅌ,01.20,96,0
574,과일 구해요,젤리,01.19,135,0
575,액자떡밥 대량으로 구매완료,쿠루미루쿠,01.19,100,0
576,동린이 도와주실분 구합니다!!!,쯔유도 주인,01.19,49,0
577,금 잠자리채 구매원해요,미쩰,01.19,26,0
578,성문이랑 성벽 구합니닷 데미지였음 좋겠어영🥺,잡다한 재능 소유쟈,01.19,64,0
579,급구!!! 레시피여도 괜차나여,잡다한 재능 소유쟈,01.19,71,0
580,간이창고 구해요!,ㅂ ㅏㅁ 비,01.19,42,0
581,(구함) 모래성 10000벨에 두 종류 다 구해요,릿처드,01.19,30,0
582,(구함) 목욕탕의자 1000벨에 구합니다,릿처드,01.19,23,0
583,(구함) 잡지 1000벨에 구해요,릿처드,01.19,27,0
584,떡밥 100개팔아용,파뮤파뮤,01.19,39,1
585,(구함) 사각욕조 하얀색 1덩으로 구해요,릿처드,01.19,44,0
586,과수원 오픈!🍎🍊🍒🍐🍑,잡다한 재능 소유쟈,01.19,43,2
587,"DIY, 미감정화석, 토용 무료나눔",댕근,01.19,186,1
588,"[ 완료 ] 성문, 성벽 삽니당",큐룽,01.19,42,0
589,아이템 거래,호로롱,01.19,109,1
590,(완)떡밥 100개 팔아요!,나연두부,01.19,42,0
591,급구 삽니다,전패의 마법사 1341,01.19,51,0
592,동린이 돈 기부해주실분 ..,파뮤파뮤,01.19,71,0
593,기울어진 이정표 레시피 구해여.ᐟ.ᐟ 급구ㅜ,잡다한 재능 소유쟈,01.19,25,0
594,떡밥 액자 대량으로 구매완료,쿠루미루쿠,01.19,64,0
595,[ 완료 ] 바구니 자전거 급구합니닷 .ᐟ.ᐟ,큐룽,01.19,46,0
596,[ 완료 ] 아이템들 급구합니다 .ᐟ,큐룽,01.19,86,1
597,과일 팔아용,연우,01.18,90,2
598,"[ 완료 ] ATM기계, 간이창고 급구해요 .ᐟ.ᐟ",큐룽,01.18,90,2
599,(완료)배 구해여 1개라도 괜찮으니까 제발요ㅠㅜ,잡다한 재능 소유쟈,01.18,90,1
600,과일 팔아용,연우,01.18,37,0
601,배 30개 구해영 진짜급합니다,잡다한 재능 소유쟈,01.18,133,0
602,과수원 오픈!🍎🍊🍒🍐🍑(다시 열었어영!!),잡다한 재능 소유쟈,01.18,167,1
603,돈다발 레시피 60만벨(가구9개까지 얹어드려여)에 삽니당ㅜ,잡다한 재능 소유쟈,01.18,113,1
604,돈다발 레시피 삽니다,물벼룩1567,01.18,53,0
605,금잠자리채,미쩰,01.18,57,3
606,돈다발 레시피 팝니다!,쉬밍하오,01.18,408,2
607,바벨 레시피 구해요,천하태평 탐험가 9131,01.18,27,1
608,파올로 액자 팝니다. (완료),구고마치킨,01.18,41,0
609,[완료] 과일 교환하실 분 구해요,천하태평 수호신 3792,01.18,49,0
610,마일제시해주세영ㅎ 구해영ㅎ,열렙 중인 입문자 281,01.18,96,0
611,레시피 팔아영ㅎ,열렙 중인 입문자 281,01.18,54,1
612,2덩당 1마일,시 윤 인 뎅,01.18,117,0
613,1마일이랑 2덩 교환하실부운 ~,잡다한 재능 소유쟈,01.18,61,0
614,"유적아치 레시피, 부러진유적장식기둥 레시피 구해보아요~~~",천하통일 트롤 969,01.18,40,1
615,떡밥 팔아용,연우,01.17,60,0
616,떡밥 팝니다. (완료),구고마치킨,01.17,72,0
617,부러진유적장식기둥 레시피 삽니다! 40덩으로 20마일 구해봐요!,천하통일 트롤 969,01.17,29,0
618,샹펜 액자 팝니다. (완료),구고마치킨,01.17,62,2
619,(구함) 햄스터 철장 아이템 1마일에 구해요,릿처드,01.16,92,2
620,"목재, 돌 등 팝니다(완)",몽구,01.16,49,0
621,떡밥 액자 무한매입 완료,쿠루미루쿠,01.16,141,0
622,과일 교환하실분•̀.̫•́✧,상추,01.16,63,1
623,오렌지2+포장1이에요 포장지 색은 핑꾸 입니당,오늘만사는 Lv1 5505,01.16,100,1
624,크리스 액자 (완료),구고마치킨,01.16,57,1
625,돈 기부해주실분,헤헤 HeHe,01.16,229,0
626,오렌지+포장까지 한번에 해드립니당,오늘만사는 Lv1 5505,01.16,53,0
627,40덩으로 20마일 많이 많이 구해봐용!,천하통일 트롤 969,01.16,37,0
628,구해영ㅎ,열렙 중인 입문자 281,01.16,44,0
629,마일 구해여:),오늘만사는 Lv1 5505,01.16,42,1
630,덩으로 마일 찾아여ㅠ,오늘만사는 Lv1 5505,01.16,38,0
631,패치 35마일에 팔아욤,오늘만사는 Lv1 5505,01.16,39,0
632,버섯 원목 레시피,세계최강,01.16,27,1
633,떡밥 100개 20마일에 팝니당,연우,01.16,32,1
634,"과일 교환,나눔 하실분 구해요",즐겜중인 뉴비 8790,01.16,132,3
635,가든벤치 레시피 삽니다! (완),치킨먹는 휴먼 8315,01.15,60,1
636,"하베스트가든체어,,,,구해용,,,,",천하통일 트롤 969,01.15,39,0
637,"[완]가든벤치 , 보리밭 레시피or구매 원해요~~~",천하통일 트롤 969,01.15,34,0
638,덩(벨)으로 마일구해요 완료,홍홍홍,01.15,46,0
639,구해영ㅎ,열렙 중인 입문자 281,01.15,43,0
640,공원울타리 레시피 구해욥,애플아 날 가져,01.15,38,0
641,가구 심플패널 삽니다~~!,천하통일 트롤 969,01.15,36,0
642,중인기 친구들 분양 합니다!,애플아 날 가져,01.15,80,1
643,"돌, 점토, 철광석 싸게 팔아요 (완)",학살중인 군주 9060,01.15,73,0
644,마일티켓 구합니당,오늘만사는 Lv1 5505,01.15,84,0
645,40덩이로 20마일 구해봐요~!,천하통일 트롤 969,01.15,58,0
646,50만벨 25마일에 팝니다...도와주십쇼ㅠ,오늘만사는 Lv1 5505,01.15,38,0
647,100만벨 35마일에 팝니닷!!,오늘만사는 Lv1 5505,01.15,46,0
648,떡밥 100개 15마일에 팝니다 [마감],구고마피자,01.15,64,0
649,떡밥 팔아용,연우,01.15,37,0
650,떡밥 100개 20마일로 판매해요(완,상추,01.14,71,1
651,심플 패널 있으신 분 계세요…? (완료),해해해해해해,01.14,63,0
652,100만벨 드릴테니 50마일 여행권 구해용:),오늘만사는 Lv1 5505,01.14,91,1
653,과일 팔아요.ᐟ.ᐟ,연우,01.14,48,0
654,팔고싶오영ㅎㅎ 액자입니당ㅎ,열렙 중인 입문자 281,01.14,141,0
655,목재 5셋 구합니다!,히죽아 어딨니,01.14,55,0
656,"골든아머, 로켓 삽니다!!",천하통일 트롤 969,01.14,30,0
657,초록국화 5송이 1마일,뿍,01.13,103,1
658,무값100만넘으면갑니닷,고뇌하는 저승사자 895,01.13,68,0
659,도와주세요!!,픽셀몬,01.13,63,0
660,돈다발 노가다 하실 분,승승,01.13,78,0
661,2덩 > 1마일 교환하실분!,천하통일 트롤 969,01.13,55,0
662,과일 구합니다!,밤담,01.13,53,0
663,"성문,성벽,성탑,중세의거리,식물파티션,깃발 달린 가로등,플레이트 아머,유적장식기둥,조개오르골,소박한파티라이트",천하통일 트롤 969,01.13,83,0
664,"골든아머, 로켓 레시피 구해용",천하통일 트롤 969,01.13,18,0
665,금장미 화관 파란장미 리스/화관 레시피 구합미다,워터플래그,01.13,36,1
666,순정 미첼이 빨리 입양하실분ㅠ(급처),김데이비드,01.13,103,0
667,나무통 레시피 구합니다(완료),히죽아 어딨니,01.13,61,1
668,덩으로 마일구해용~,천하통일 트롤 969,01.13,87,3
669,놀러가고싶다요,잡다한 재능 소유쟈,01.12,158,0
670,떡밥 200개 팔아요!!,구고마피자,01.12,36,0
671,사진 마니 사여!,사람이에여,01.12,81,0
672,떡밥 액자 무한으로 매입완료,쿠루미루쿠,01.12,59,1
673,보라색 튤립 가지고 계신분 삽니다 !,학살중인 마법사 7135,01.11,46,0
674,"비순정 인기주민 무료 분양 및 마일티켓, 벨, 작물, 별조각, 진주 등등 나눔합니다",아잠만,01.11,490,3
675,마일 팔아요(완료),김데이비드,01.11,248,0
676,섬꾸하는데 가구구해요!,김데이비드,01.11,171,0
677,보리밭 1개 1마일에 구해용!!!,이 구역의 모범생 1250,01.11,41,0
678,떡밥 100개팔아요.ᐟ,연우,01.11,33,0
679,일괄로 팔아용ㅎ 액자사진,열렙 중인 입문자 281,01.11,83,1
680,"떡밥 100개 팔아요, 무값높으신 주대분 찾아요,,",천하통일 트롤 969,01.11,52,1
681,떡밥 팔아용,흑당구,01.10,42,1
682,사과 구합니다!,부지런한 전학생 4330,01.10,88,0
683,구함미다,워터플래그,01.10,53,0
684,떡밥 400개 팝니다!!,바지락바지락,01.10,58,0
685,기울어진 이정표 레시피 구합니다!(완료),히죽아 어딨니,01.10,73,2
686,만두머리 뜨신 분?,울타리나와라,01.10,90,0
687,60마일티켓 벨이랑 거래합니다(완료),너굴은 8000시간 동린이,01.09,137,0
688,돈다발 레시피 구해여!!,꿍실꿍실,01.09,66,0
689,검정장미 구해요(완료),김데이비드,01.09,70,0
690,"산리오 주민, 특수주민 액자 삽니다",프라탑오십개,01.09,93,1
691,재료 구합니다,댕근,01.09,250,0
692,구해영ㅎ,열렙 중인 입문자 281,01.09,112,0
693,파란장미...,고뇌하는 궁수 5701,01.08,162,5
694,돈다발 레시피 팝니다! (완료),괴나,01.08,134,1
695,"돌,철,점토,부목 셋당 2마일 ㅍㅍ",쒸익쒸익,01.08,56,3
696,일괄로 팔아영ㅎ 다 사주세영ㅎ,열렙 중인 입문자 281,01.08,96,1
697,리본 가발 구해용(완),워터플래그,01.08,126,0
698,과일 필요하신분 !,럭키가이 파괴왕 4149,01.08,75,0
699,풀카탈 구합니다,카사,01.07,96,0
700,돈다발 레시피 구합니다!,뭉치,01.05,102,0
701,자연풍 섬꾸 할건데 레시피 사요!,김데이비드,01.05,119,0
702,사과랑 오렌지 구합니다!!(완료!),두시,01.05,138,0
703,무값 522벨 떴어요 무파트너 구해요(완),헤븐0525,01.05,197,0
704,"사과, 복숭아 구합니다! (완료)",디어,01.04,81,2
705,모니카 분양해드립니다.,미첼 조아,01.04,82,0
706,떡밥 100개 20마일에 팝니다,율리,01.03,37,1
707,ATM기기 5덩에 구합니다!!(완),하진 너도 나 도,01.03,104,0
708,급구ㅠ돈다발 레시피 삽니다! 가격 올림,뭉치사랑핸섬,01.03,118,0
709,노동해드려요!,김데이비드,01.03,113,1
710,"복숭아, 체리 구합니다 !",거대토끼,01.03,163,0
711,떡밥 급처분.. 마티 10개에 70개,아마도,01.03,62,1
712,화석&미술품 교환/판매합니다,아마도,01.03,47,0
713,떡밥 200개 판매합니다~,라데은,01.03,40,0
714,배 구합니당 사과 오렌지 체리 복숭아랑 교환 원해요(완),워터플래그,01.03,87,2
715,돈다발 레시피 팔아요 (완),학살중인 군주 9060,01.02,141,3
716,뉴비입니다!! 과일을 구합니다!!,소누룽,01.02,129,0
717,돈다발레시피 구해요😢,유지니,01.02,116,1
718,마일갖고싶어용ㅎ 아님 과일.야채라도주세영ㅎ 마니사가영ㅎㅎ,열렙 중인 입문자 281,01.02,113,3
719,목재 삽니다,HAPPY도,01.02,77,1
720,동린이를 위해 벨을 기부해주세요 :>,ㅣ얏히ㅣ,01.02,98,1
721,떡밥 팔아요,김데이비드,01.02,74,0
722,<판매> 떡밥 판매합니다,매실피자,01.02,34,0
723,[거래] 여기 있는 아이템들 구해요,호로롱,01.01,210,2
724,부러진 유적 기둥&유적 장식 기둥 레시피 삽니다,아마도,01.01,80,0
725,파란장미 나눔💙 (종료),제마이,01.01,166,5
726,제발 좀 사가세영ㅎ 마일 얻고파영ㅎ,열렙 중인 입문자 281,01.01,493,1
727,초대해주세요🙏🙏,대효대효안대효,01.01,53,1
728,떡밥 200개 판매합니다!,디어,01.01,47,0
729,사과 구해요,낚시왕 궁수 9059,2023.12.31,84,4
730,돈다발레시피 구합니다 (완료),유지니,2023.12.31,97,2
731,[거래] 할로윈 울타리 구해요!,호로롱,2023.12.31,98,0
732,초대해주세요!🤩,유네찌네찌,2023.12.31,97,0
733,돈다발 레시피 팔아요!(완료),김데이비드,2023.12.31,152,0
734,과일구합니당,노련한 마법사 154,2023.12.31,74,0
735,과일 사과 구합니다!(완),소다마미,2023.12.31,49,0
736,마일티켓 판매합니다,토도도,2023.12.31,76,0
737,"과일(복숭아, 배) 구해요🥺",세계 최강 검사 7637,2023.12.31,72,0
738,과일 구합니당,폭주하는 사령관 2289,2023.12.31,131,0
739,유럽풍 성레시피 나눠주실분 계신가요ㅠㅠ,똥손 트롤 9642,2023.12.31,62,1
740,과일 구해요,답도 없는 초보 2373,2023.12.31,208,1
741,돈다발 레시피 삽니다. 팔아주세요..,폭주하는 사령관 2289,2023.12.31,113,2
742,떡밥 삽니다! (마감),하울의 움직이는섬,2023.12.31,85,1
743,금 오너먼트,고뇌하는 저승사자 895,2023.12.31,51,1
744,떡밥 100개 팔아요!,노련한 엘프 8253,2023.12.30,46,0
745,돈다발 레시피 구합니댜,혜니콩,2023.12.30,61,0
746,떡밥 100개 마일티켓으로 교환해주실분ㅜㅜ,하울의 움직이는섬,2023.12.30,77,0
747,다른분 섬 놀러가고 싶어요!,김데이비드,2023.12.30,102,0
748,떡밥이랑 마일 교환해주실분 계시나요 ㅠㅠ,늅2ㅣ,2023.12.30,97,1
749,배 구합니다!!,윤,2023.12.30,94,0
750,레시피 구합니다!,SUMMER,2023.12.30,74,3
751,심심해영ㅎ,열렙 중인 입문자 281,2023.12.29,57,1
752,[완료] 동린이가 돈다발 레시피 판매합니당 @'♡'@,꾹구,2023.12.29,194,0
753,"마일티켓 보관 해주실 분,,",안녕하세용용,2023.12.28,129,2
754,"사과, 배, 복숭아 필요!!",윤,2023.12.28,90,1
755,사과 무료 나눔,미첼 조아,2023.12.28,88,2
756,"돈다발 레시피 200,000벨에 삽니다",여유장수,2023.12.28,125,7
757,돈다발 레시피 구합니다,오늘가입한 삼촌 3566,2023.12.28,95,5
758,떡밥 100개씩 20마일티켓에 팔아여 현재 200개 보유중,전국제패 마왕 28571703673547390,2023.12.27,60,1
759,레시피 판매합니다,2오0,2023.12.27,163,1
760,완료-돈다발레시피 팔아용,2오0,2023.12.27,111,1
761,무값 493벨!!,낚시왕 휴먼 1821,2023.12.27,98,2
762,"체리,사과,복숭아 1개씩만 나눠주실 분 찾습니다.",미첼 조아,2023.12.26,163,1
763,통나무벤치 레시피 구해영,라운지대표 언데드 2359,2023.12.26,37,0
764,액자팔아영ㅎ,열렙 중인 입문자 281,2023.12.26,126,0
765,목제 월 파티션s 레시피 구합니다,fiora,2023.12.26,32,0
766,(완료)떡밥 400개 판매합니다!,부드러운 도적 1668,2023.12.26,42,0
767,여러가지 구매완료,쿠루미루쿠,2023.12.26,137,0
768,"목재, 돌 세트 구합니다!",부드러운 도적 1668,2023.12.26,64,1
769,[완료] 돈다발레시피 판매합니다!,카루,2023.12.24,220,3
770,무절임통 구해요,학살중인 군주 9060,2023.12.24,101,0
771,2마일로 철광석 30개(1셋) 구해요,요구르트,2023.12.24,116,0
772,트리케라톱스 몸통 있으신 분..?,배고픈 광전사 2721,2023.12.24,56,0
773,동린이 유럽풍 가구 구해요😭 도와주세요,똥손 트롤 9642,2023.12.24,85,0
774,이동식 쓰레기통 구합니다,오늘가입한 삼촌 3566,2023.12.24,80,0
775,사과 구해요.. 거래 완료,배고픈 광전사 2721,2023.12.24,116,1
776,마일로 덩 구매원해요,노련한 파괴왕 4470,2023.12.24,68,0
777,"오너먼트 (빨,파,금) 구매 원해요",햇,2023.12.23,114,0
778,배 체리 복숭아 필요해요! 하나씩 1마일 드려요 -완-,흑당아몬드,2023.12.23,72,0
779,2덩에 1마일 교환하고싶오용,뽀야뽀야,2023.12.23,161,2
780,돈다발레시피 4만벨에 사여,세계 최강 저승사자 3617,2023.12.22,102,5
781,돈다발래시피사용,라운지대표 형 6781,2023.12.22,71,1
782,오렌지 나무 구해요!,세계 최강 트롤 844,2023.12.21,140,3
783,교배꽃 드려요,숌뮹칭,2023.12.21,107,0
784,뉴비 무좀도와주세욤 완료,고뇌하는 저승사자 895,2023.12.21,104,1
785,과일 교환하실분 ㅠㅠ,개망구,2023.12.21,168,5
786,떡밥 300개 팔아용,학살중인 군주 9060,2023.12.20,78,0
787,친구를구해요,노가다숲힐링게임,2023.12.20,78,1
788,모여봐요 198000벨의 숲^^,노가다숲힐링게임,2023.12.20,138,0
789,섬에무가격 좀높으신분찾아요,고뇌하는 저승사자 895,2023.12.20,89,1
790,돈다발레시피 50마일에 사용,000,2023.12.20,143,0
791,모여봐요 노동…아니동물의숲,노가다숲힐링게임,2023.12.19,244,8
792,미술품 팔아요,프라탑오십개,2023.12.19,82,1
793,[완료] 파란색 히아신스 구합니다!,카루,2023.12.19,151,0
794,모동숲 초보 ㅜㅜ,세은,2023.12.18,148,4
795,1마일당 100만벨로 바꾸어 드립니다,000,2023.12.18,507,0
796,떡밥 100개 20마일에 거래하실분 (완료),히죽아 어딨니,2023.12.18,115,1
797,섬 무값 102벨 이상이신 분 있나요ㅠㅠ,채채야,2023.12.17,105,1
798,떡밥이랑 마일 거래해요,늅2ㅣ,2023.12.17,80,0
799,성벽/중세거리/성문/은방울꽃팔아요,규지지,2023.12.17,142,0
800,액자 해적템 재료 낯선 고양이 가방 구매해요 !!!!,금손 언데드 845,2023.12.17,64,0
801,"밀,감자,당근 모종 무료나눔해용",000,2023.12.17,70,0
802,성탑 하나에 25만가격짜리를 250만에 삽니다 최대 2개,000,2023.12.17,85,0
803,쓰레기통 100만벨에 사용,000,2023.12.17,71,1
804,떡밥 액자 완료,쿠루미루쿠,2023.12.17,105,1
805,액자 낯선고양이 가방 해적템 재료 구매해요,금손 언데드 845,2023.12.17,41,1
806,1마일당 495000벨,000,2023.12.16,84,0
807,떡밥 100개 10마일,000,2023.12.15,71,0
808,2덩으로 1마일 구해요,처드,2023.12.15,65,1
809,ATM 297만벨에 사요,000,2023.12.15,101,1
810,ATM사요,000,2023.12.15,74,0
811,떡밥 팔아요 125개의 20마일,000,2023.12.15,34,0
812,떡밥 거래 해주실분 (100개당 마일20개),햇,2023.12.15,148,0
813,2덩 당 1마일 거래 가능하신주대님,뽀야뽀야,2023.12.14,95,0
814,레시피 구해요❤️,블리쇼,2023.12.14,60,1
815,금물뿌리개 사요!!,꿈에서본 마법사 7288,2023.12.13,90,4
816,배!!,먛먛,2023.12.13,58,0
817,구해요,시 윤 인 뎅,2023.12.13,67,0
818,2덩으로 마일 구해요!!,처드,2023.12.13,67,1
819,완료)돈다발 레시피 사요,겜숲자,2023.12.13,55,0
820,"레시피, 요리레시피 나눔합니다.",DL 낙원,2023.12.13,113,0
821,마일주대님 사기 조심⚠,사람이에여,2023.12.12,169,6
822,[거래완료] 병태 유니오 액자 팔아요,고양이가왔섬가지마,2023.12.12,85,0
823,박미애님!들어와주세여!,사람이에여,2023.12.11,104,1
824,가구!사여!+의류도 삽니다(마일 제시 해주세여),사람이에여,2023.12.11,127,1
825,"사과,배,복숭아 구합니다!!!! -구했습니다@",jidan,2023.12.11,121,0
826,금장미 리스 레시피 구해요,8ㅁ8,2023.12.11,56,0
827,[거래완료]돈다발 레시피 구해요,세계 최강 수호신 5455,2023.12.11,100,2
828,2덩으로 1마일 구해요,처드,2023.12.10,63,1
829,돈다발 사요,네이버최강 겜돌이 4483,2023.12.10,78,1
830,사람이에여님 들어와주세요,네이버최강 겜돌이 4483,2023.12.10,158,2
831,과일 구해요 ㅠㅠ,광이라,2023.12.10,95,2
832,돈다발 레시피 구합니다,네이버최강 겜돌이 4483,2023.12.10,108,0
833,2덩으로 1마일 구해요,처드,2023.12.10,53,0
834,2덩에 1마일로 거래합니당,뽀야뽀야,2023.12.10,96,0
835,(완료)섬 정리 알바 구해요,열렙 중인 파괴왕 8246,2023.12.09,225,1
836,열매 구해요,맛있는 케이크 8787,2023.12.09,77,0
837,떡밥 구해여,숌뮹칭,2023.12.09,49,0
838,(구매 완료)돈다발 레시피 구합니다,모카,2023.12.08,145,0
839,은방울꽃 개당1마일에 판매합니다.,슈우,2023.12.08,48,0
840,떡밥 200개 팔아요,학살중인 군주 9060,2023.12.08,69,3
841,[마감] 꽃 판매,페니실린을 이겼어,2023.12.07,113,3
842,모동숲 레시피 구합니다!,부드러운 도적 1668,2023.12.07,104,1
843,파란장미 2마일에 1송이 삽니다!!,노련한 수호신 5391,2023.12.07,68,1
844,파란장미 1송이 삽니다!,노련한 수호신 5391,2023.12.07,51,0
845,DIY 레시피 교환해요 🤓☺️,가앵,2023.12.07,63,0
846,금물뿌리개 구해용,이유leeu,2023.12.07,62,0
847,파란장미나 황금장미 구해요!,이유leeu,2023.12.06,104,3
848,겨울 관련 레시피 구함요!(완제품도 가능),사람이에여,2023.12.06,42,1
849,크리스마스 트리,호로롱,2023.12.06,87,2
850,돈다발 레시피 구해요,하뽀,2023.12.06,41,0
851,돈다발 레시피 30마일에 삽니다.,소소한 하루,2023.12.06,75,0
852,돈다발 레시피 구합니다 (마일여행권 드림),채채야,2023.12.06,59,1
853,돈다발 레시피 구해요!!,juno,2023.12.05,245,8
854,떡밥 50개 저렴하게 팔아요,토리딩디이딩,2023.12.05,85,0
855,돈다발 레시피 삽니다,라운지 초심자 a578176,2023.12.05,87,0
856,돈다발 레시피 구합니다,하뽀,2023.12.04,54,0
857,(완료)떡밥 200개 20마일에 팔아요!!,juno,2023.12.04,146,2
858,돈다발 레시피 구해요!,juno,2023.12.04,109,0
859,돈다발 레시피 구해요~!,전국제패 암살자 7933,2023.12.04,191,2
860,돈다발레시피 얻고싶어요..,Kk의아름다운노래,2023.12.03,141,1
861,재료 급구!!,숌뮹칭,2023.12.03,64,0
862,섬 청소해주실 분 구해요,맛있는김치,2023.12.03,286,2
863,돈다발 레시피,이유leeu,2023.12.03,111,0
864,재료 거래 해요,숌뮹칭,2023.12.03,34,1
865,돈다발 레시피 10마일로 구해요,처드,2023.12.03,139,0
866,돈다발 레시피 (급구,처드,2023.12.02,259,4
867,돈다발 레시피 구합니다,CHOSUNGWOO,2023.12.02,130,0
868,풀카탈 100마일로 원해요,처드,2023.12.02,74,1
869,[마감] 레시피 나눔.,페니실린을 이겼어,2023.12.02,146,2
870,파란장미 구해요,hyo,2023.12.02,76,4
871,일반목재 구해요,숌뮹칭,2023.12.01,49,1
872,풀카탈 구해요! (구+신 전색상),고라니,2023.12.01,79,2
873,사과 체리 하나씩만 주실 분 계신가요 ㅜㅜ,크앙,2023.11.30,65,0
874,마일로 덩 구해요!!,처드,2023.11.29,131,11
875,순정 시온 데려가실분!,SUMMER,2023.11.29,74,0
876,덩으로 마일 구해여!,사람이에여,2023.11.29,111,0
877,고라니님 들어와주세염!,사람이에여,2023.11.29,72,0
878,각종레시피 판매합니당 2탄,고라니,2023.11.29,99,0
879,각종 레시피 판매합니당,고라니,2023.11.29,175,0
880,할로윈 레시피 팔아요!,고라니,2023.11.29,35,0
881,골든/황금/금 붙은 레시피 팔아요,고라니,2023.11.29,55,0
882,벽/바닥 /러그 레시피 팔아요,고라니,2023.11.29,50,1
883,울타리 레시피 팔아요,고라니,2023.11.29,94,0
884,떡밥100개 판매해요,갱도갱이,2023.11.29,52,0
885,팔아영ㅎ,열렙 중인 입문자 281,2023.11.28,65,0
886,사진 삽니답!,사람이에여,2023.11.28,148,0
887,떡밥,미쩰,2023.11.28,109,1
888,일반 목제 사요!,고라니,2023.11.28,77,4
889,[완료] 액자 판매합니다.,페니실린을 이겼어,2023.11.27,204,1
890,간이창고 1개 ATM기1개 구매합니다,전패의 엘프 8628,2023.11.27,77,0
891,빨리 팔고파영ㅎㅎ 일괄이영ㅎ 빨리 사가세영ㅎ,열렙 중인 입문자 281,2023.11.27,99,0
892,돈다발 레시피,됒쮸,2023.11.27,173,0
893,복숭아 사과 밀 있으신 분 있나요??,낚시왕 모범생 2617,2023.11.27,138,1
894,2덩으로 마티 구해요,처드,2023.11.26,43,0
895,일괄로 팔고영ㅎㅎ 제가갈꺼에영ㅎ,열렙 중인 입문자 281,2023.11.26,143,0
896,알바 구합니다!,SUMMER,2023.11.26,125,3
897,"다이너 네온 간판,토리이",배고픈 쪼렙 4952,2023.11.26,42,0
898,쓰레기통 레시피 구해요,가앵,2023.11.25,79,1
899,떡밥 100개 팔아요,하루살이 레전드 7065,2023.11.25,44,0
900,나무통 레시피 구해요!,올메,2023.11.25,36,1
901,박미애님 나탈리...,사람이에여,2023.11.25,135,3
902,나무 통 레시피 구해요,88565,2023.11.25,42,1
903,병태 보내주실 분은 없나료?,88565,2023.11.25,60,2
904,배나 오렌지 구할 수 있나요?,88565,2023.11.25,71,2
905,배 구해요,가앵,2023.11.25,75,3
906,사과 오랜지 있으신분 계신가요?,하루살이 검사 7502,2023.11.24,139,6
907,자연풍 가구 덩으로 급구해요!,처드,2023.11.24,137,0
908,원예왜건 레시피나 완제품구해요 ㅠㅠ,고라니,2023.11.24,65,0
909,박미애님!들어와 주세여!,사람이에여,2023.11.24,40,0
910,"체리, 사과, 배 하나씩만 주실 분...",열렙 중인 만렙 1179,2023.11.24,99,3
911,"전갱이, 가자미 한 마리씩 구해요",람지,2023.11.23,47,4
912,호박 종류별로 하나씩 삽니다..,세계 최강 레전드 1434,2023.11.23,61,0
913,교배꽃 사요!,고라니,2023.11.23,104,0
914,사진 사여!🥺🥺(좀 많이 사여)(가격 변동)(제시),사람이에여,2023.11.22,102,0
915,"떡밥,화석 팔아여!많이 들어와 주세여🥺🥺",사람이에여,2023.11.22,60,0
916,오렌지 구합니다,즐겜중인 뉴비 7316,2023.11.21,92,0
917,포스터 약 150종 판매,마일 주대,2023.11.21,58,0
918,덩으로 마티 구해요,처드,2023.11.20,62,0
919,마일티켓 삽니다...﻿마일티켓 삽니다...﻿마일티켓 삽니다...,CHOSUNGWOO,2023.11.20,84,0
920,박미애님 들어와 주세여!,사람이에여,2023.11.20,91,1
921,석등 레시피 구합니다,뉴비당이,2023.11.19,39,0
922,섬청소 도와주실분,마노마노,2023.11.19,148,2
923,박미애님 들어와주세여!,사람이에여,2023.11.18,48,0
924,"초록 국화, 파란장미 구해요! (완",처드,2023.11.18,101,1
925,마일티켓 쫀쫀하게 파시는분 있나요,즐겜중인 입문자 1136,2023.11.10,123,3
926,"포장 과일 판매합니다 :) 사과,배,복숭아,오렌지,체리",똔니,2023.11.10,86,2
927,낙엽스툴레시피 30마일 삽니다,메이첼,2023.11.09,48,2
928,병태 입양받습니다 마일 선제시,네이버최강 평민 2999,2023.11.09,29,0
929,5층탑 개당30마일 삽니다,네이버최강 평민 2999,2023.11.08,40,1
930,무절임통 구해요!,하뽀,2023.11.07,64,0
931,옷 사요 ㅠㅠ(완료),ㅇㅉㄹㅁ,2023.11.07,86,0
932,산리오템 셋으로 구해요 (완료),아이폰,2023.11.07,127,1
933,과일 구합니다,세계 최강 휴먼 8906,2023.11.06,119,5
934,은방울꽃 많이 구합니다,8ㅁ8,2023.11.06,60,0
935,급구해영ㅎㅎ 제발 팔아주세영ㅎ,열렙 중인 입문자 281,2023.11.06,268,0
936,구합니다,김텔라,2023.11.06,58,0
937,완) 떡밥 300개 팔아요,학살중인 군주 9060,2023.11.05,64,0
938,떡밥 판매합니다!,루,2023.11.05,34,0
939,[거래완료]떡밥 65개 13마일에 팔아요,Eun,2023.11.05,98,1
940,낮은 나무 울타리,호로롱,2023.11.04,158,2
941,3마일로 계단 정리함 구합니다,8ㅁ8,2023.11.04,33,0
942,할로윈 울타리,호로롱,2023.11.04,98,1
943,레시피들 팔아염!,사람이에여,2023.11.04,106,0
944,돈다발 레시피 구해요,8ㅁ8,2023.11.02,119,0
945,꽃 알바 구해요,쭈니야쭈니야제발나에,2023.11.01,112,0
946,구해영ㅎ 일괄로영ㅎ,열렙 중인 입문자 281,2023.11.01,93,0
947,꽃정리 알바 구해요~~~(*지금바로 가능하신분만*)*,민트초코,2023.10.31,75,0
948,레시피 일괄로 팔아영ㅎㅎ,열렙 중인 입문자 281,2023.10.31,87,1
949,"패밀리 멤버 모집합니당-(6자리, 추가팩x)",내가 바로 마왕 4843,2023.10.30,99,1
950,꽃정리 알바 구해요~~ (급구),민트초코,2023.10.30,100,0
951,꽃 정리 알바 구해요~~~,민트초코,2023.10.30,83,1
952,나눔 완료 했어요 💥😆,마일 주대,2023.10.30,113,0
953,오너먼트 구합니다!!,민트초코,2023.10.28,73,0
954,과일구해요ㅜㅜ,연두,2023.10.28,86,0
955,떡밥 200개 팔아여!,사람이에여,2023.10.28,62,0
956,떡밥 100개 팔아요,8ㅁ8,2023.10.28,37,0
957,포장과일 팔아요!,오잉,2023.10.28,40,0
958,교배꽃 구해영ㅎ,열렙 중인 입문자 281,2023.10.28,42,0
959,농작물 판매해요!,오잉,2023.10.27,56,3
960,파란장미 팔아요,오잉,2023.10.27,64,0
961,래미 액자 팔아용,애플아 날 가져,2023.10.27,92,0
962,마일로 50덩 사요,부지런한 레전드 8389,2023.10.27,45,0
963,나눔 완료 했어요💥😆,마일 주대,2023.10.27,89,1
964,일괄로 마니사영ㅎ 마일 마니드려영ㅎ,열렙 중인 입문자 281,2023.10.27,201,1
965,무절임통..ㅜㅜ구해요,하뽀,2023.10.27,60,2
966,❗️과일 거래하실분 🍑,타쿠34,2023.10.26,99,1
967,떡밥 100개 거래 15마일,오늘만사는 언니 76511698225919639,2023.10.25,66,0
968,떡밥100개 거래,애플아 날 가져,2023.10.25,56,0
969,복숭아 포장과일 40셋 10마일,리미,2023.10.24,42,3
970,과일 체리 혹시 팔거나 교환하실분 있나요?,무뫄,2023.10.23,110,0
971,완) 봄의 대나무 10개당5마일 삽니당,네이버최강 평민 2999,2023.10.23,65,0
972,"과일(사과,오렌지)구합니다",동숲은 어려워ㅠ,2023.10.23,79,1
973,일괄로 팔아영 한번에 되시는분,열렙 중인 입문자 281,2023.10.23,207,2
974,떡밥 100개 팝니다(완료),꿈 속 대마법사,2023.10.22,50,0
975,알바하실 분 구해요:),SUMMER,2023.10.22,330,2
976,"과일 구해요(체리,배,복숭아)",로온비,2023.10.22,96,1
977,떡밥 300개 팔아요,학살중인 군주 9060,2023.10.21,65,0
978,자원들 싸게 팔아여!예약 주세여!,사람이에여,2023.10.21,71,1
979,포장과일 사여!,사람이에여,2023.10.21,93,0
980,목제 책장 레시피 구해요🥺,데굴데굴,2023.10.21,50,1
981,거래 완료 했어요💥😆,마일 주대,2023.10.21,57,1
982,주민 맡기실분 구해여!,사람이에여,2023.10.20,62,0
983,떡밥100개당 20마일삽니다,꿈에서본 입문자 143,2023.10.20,46,0
984,거래 완료 했어요💥😆,마일 주대,2023.10.20,89,1
985,거래 완료 했어요💥😆,마일 주대,2023.10.20,122,0
986,떡밥 100개 20마일에 삽니다!!,공격적인 요리마니아,2023.10.20,31,4
987,여러부운...이스터러그 레시피 있으신분..급합니다,모동숲하는 뉴비,2023.10.19,69,6
988,완) 금물뿌리개 5개 삽니다,네이버최강 평민 2999,2023.10.19,104,4
989,포장과일 40셋 10마일판매,내비도,2023.10.19,95,0
990,완) 떡밥 300개 팔아용,학살중인 군주 9060,2023.10.18,66,2
991,재료 액자 떡밥 대량 구매,금손 언데드 845,2023.10.18,89,1
992,심플패널 가든체어 있으신 분 ㅠㅠ,해적왕,2023.10.18,58,0
993,철도모형,o세리o,2023.10.18,36,1
994,완) 떡밥 300개 팔아요!,학살중인 군주 9060,2023.10.17,45,0
995,금물뿌리개 3개주시는 분께 마티 13장!!,SUMMER,2023.10.17,99,0
996,떡밥 100개 25마일 판매합니다~배달가용ㅎ,이 구역의 궁수 798,2023.10.17,42,6
997,배 나눔해주실분~~,o세리o,2023.10.16,98,2
998,"심플패널, 가든체어 구해요ㅜㅠ",해적왕,2023.10.16,68,2
999,부옥 레시피 구해요,학살중인 군주 9060,2023.10.15,46,2
1000,동린이.. 무주식 도와주실분….,제로밍,2023.10.15,76,2
1001,강아지풀 레시피나 강아지풀구해요,천하통일 마법사 5217,2023.10.14,81,4
1002,떡밥 100개 팝니다(종료),꿈 속 대마법사,2023.10.14,119,1
1003,황금물뿌리개 구해요ㅠㅠ,꿈에서본 마법사 7288,2023.10.14,136,1
1004,"배,복숭아,체리 나눠주실분ㅜㅜ",금손 겜돌이 1986,2023.10.14,79,2
1005,떡밥 계속 삽니다,배고픈 검사 2936,2023.10.14,81,3
1006,무지개 꽃 종류별 구매,배고픈 검사 2936,2023.10.14,56,6
1007,토용들 사여!,사람이에여,2023.10.13,56,2
1008,금장미 10송이 팔아유,동린이임댜,2023.10.13,79,1
1009,"체리,오렌지 원 합니다",네이버최강 초보 5251,2023.10.13,71,0
1010,완) 떡밥 300개 팔아요,학살중인 군주 9060,2023.10.13,77,0
1011,없는 과일 구해요(교환),고뇌하는 모범생 9585,2023.10.11,126,4
1012,재료 액자 무한 매입,금손 언데드 845,2023.10.10,63,0
1013,급구해영ㅎ,열렙 중인 입문자 281,2023.10.10,116,2
1014,주민 분양합니다!,8ㅁ8,2023.10.09,297,4
1015,심플패널 구합니다 ㅠ,메시,2023.10.09,52,0
1016,떡밥 1 00개 팔아요완료!,애플아 날 가져,2023.10.09,61,4
1017,일괄로 모두 팔아영ㅎ 사가세영ㅎ,열렙 중인 입문자 281,2023.10.09,159,2
1018,(수정) 많이 팔아용,학살중인 군주 9060,2023.10.09,99,4
1019,떡밥 100개 팔아요!선물 증정🫶,오잉,2023.10.07,161,0
1020,"자원들 싸게 팔아여!(목재,떡밥,별조각,등)",사람이에여,2023.10.07,141,1
1021,배 사과 복숭아 1개라두 주실분,신화속 궁수 6366,2023.10.07,93,0
1022,거래 완료 했어요💥😆,마일 주대,2023.10.07,186,1
1023,교환해영ㅎ 보너스도잇어영ㅎ,열렙 중인 입문자 281,2023.10.07,40,0
1024,사진팔아요!,8ㅁ8,2023.10.06,60,0
1025,일괄로 다 팔앙옇ㅎㅎㅎ,열렙 중인 입문자 281,2023.10.06,198,1
1026,(완료!) 복숭아 1개 체리 1개 구합니당,오늘만사는 뉴비 342,2023.10.05,60,1
1027,체리 20~30개 마일티켓2장으로 교환해영!,SUMMER,2023.10.05,88,2
1028,주민 액자/재료 구매합니다 ㅠㅠ 🍁,금손 언데드 845,2023.10.05,48,0
1029,(완료!) 복숭아 체리 오렌지 구해요 ㅠㅠ,오늘만사는 뉴비 342,2023.10.05,53,0
1030,급구해영 일괄이영ㅎ 너므 갖고싶어영ㅎ,열렙 중인 입문자 281,2023.10.05,92,7
1031,돌 철광석 점토 싸게 팔아요,학살중인 군주 9060,2023.10.04,79,0
1032,팔아영 일괄이에영ㅎ,열렙 중인 입문자 281,2023.10.03,132,3
1033,자재 구해여!,동린이임댜,2023.10.03,130,1
1034,(완료)성탑 그레이색 하나주실분 구해요(비댓),윤서 부계가 갑니다,2023.10.03,47,0
1035,오렌지 또는 사과 나눠주실분 계신가요ㅠ,영스맘,2023.10.03,83,4
1036,복숭아 나눔 부탁드려요(일주일차 동린이),동린이임댜,2023.10.03,81,1
1037,복숭아 개당 배 3개드려요!,동린이임댜,2023.10.02,61,1
1038,배 나눔 해주실분 찾아요~,핑크팬더,2023.10.02,103,0
1039,"오렌지, 배 22개랑 교환 구해요",먕훈,2023.10.02,85,0
1040,떡밥 삽니다,초텐짱,2023.10.02,48,3
1041,배 나눔해주실분 계실까요 ?,천하태평 검사 1222,2023.10.01,123,0
1042,성문 성탑 성벽 삽니다!,BISTAY,2023.10.01,52,0
1043,레시피 판매합니다!,천하통일 저승사자 2701,2023.10.01,93,7
1044,통신 자체가 처음이긴한데 떡밥 100개 팝니다! 마일 20개로요,부활한 수호신 696,2023.09.30,55,1
1045,떡밥 100개랑 마일티켓,효워니,2023.09.30,267,4
1046,무값 571벨. 3마일 교환,부지런한 평민 5458,2023.09.30,85,2
1047,무값 200벨 이상 알려주세요!,사람이에여,2023.09.30,55,2
1048,주민액자 팔아영♥ 일괄이에영ㅎ,열렙 중인 입문자 281,2023.09.30,125,1
1049,금도구 완제품 팔아요,세봉짱,2023.09.30,100,1
1050,"ATM기,간이창고 사여",사람이에여,2023.09.29,77,0
1051,(완료)무값 451벨,부지런한 평민 5458,2023.09.29,40,1
1052,"일목, 부목,단목 삽니다",메이첼,2023.09.29,46,0
1053,(완)돌 삽니다,초텐짱,2023.09.29,39,0
1054,제가 잡초 뽑기 노동 하겠습니다!,사람이에여,2023.09.28,45,0
1055,잡초 구해요,8ㅁ8,2023.09.28,75,0
1056,무값,폭주하는 끝판왕 5002,2023.09.28,49,1
1057,마일을 덩으로 교환해주실붘,세봉짱,2023.09.28,52,0
1058,포스터팔아요,초텐짱,2023.09.27,43,2
1059,(완)마일 삽니다,초텐짱,2023.09.27,95,0
1060,배 사과 나눔해주실분 계실까요?,메시,2023.09.27,67,0
1061,구 카탈 만지작원해요,전설의 수호신 7423,2023.09.27,97,1
1062,침엽수 나눔 / 거래 하실 분 구해요 !!,열렙 중인 평민 2774,2023.09.27,52,0
1063,"(완료) 성벽, 서부의거리, 식물 파티션 마일로 사요",윈윈맘,2023.09.27,46,0
1064,초록 국화 팝니당,금손 언데드 845,2023.09.27,49,3
1065,"자원들 싸게 팔아요!(떡밥,별의조각,목재 등)",사람이에여,2023.09.26,119,2
1066,원하시는 마일 거레!많이 들어와 주세요!싸게드릴게요!,사람이에여,2023.09.26,142,0
1067,잡초뽑기 알바 구하시는분 비댓,윤서 부계가 갑니다,2023.09.26,42,0
1068,"복숭아,귤,배 얻을 수있을까요?",라운지 초심자 a637657,2023.09.26,62,0
1069,복숭아 필요한대 혹시 나눔 가능하신분 있을까요 ㅠㅠ,메시,2023.09.26,63,0
1070,서부의 거리 구해요,8ㅁ8,2023.09.26,68,0
1071,벙커침대 구해용 거래 진행중,천하통일 저승사자 2701,2023.09.25,74,0
1072,무 450벨 이상인 섬 찾아요!,사람이에여,2023.09.25,39,0
1073,중세의 거리 구해용,천하통일 저승사자 2701,2023.09.25,111,1
1074,"(완료)복숭아,체리,배 구해요 ~",하루살이 파괴왕 20251695613571083,2023.09.25,124,0
1075,빨간 오너먼트 1셋 10마일에 구해용,천하통일 저승사자 2701,2023.09.25,44,1
1076,마일티켓 50개 벨로삽니다,라운지대표 쪼렙 386,2023.09.24,73,0
1077,자원들 팔아요!싸게 팔게요!,사람이에여,2023.09.24,72,0
1078,해피홈파라다이스 가구 주문받아여,초텐짱,2023.09.23,53,1
1079,과일1셋당 1마일에팔아요,초텐짱,2023.09.23,153,1
1080,무값 500 이상이신 분 계실까요,천하통일 저승사자 2701,2023.09.23,45,2
1081,(완료) 떡밥 기부해주실분 비댓(물고기 도감때문입니다),윤서 부계가 갑니다,2023.09.23,155,1
1082,[완료] 주민액자 삽니다. #2,페니실린을 이겼어,2023.09.23,86,0
1083,[완료] 주민액자 삽니다 #1,페니실린을 이겼어,2023.09.23,132,1
1084,개구리 주민 액자 구매해요 ✨,금손 언데드 845,2023.09.23,41,0
1085,여러가지 많이 사요 💛💛💛,금손 언데드 845,2023.09.22,69,0
1086,잡초 알바 구해요 비댓 (많이 답주세요!!),윤서 부계가 갑니다,2023.09.22,42,0
1087,"구부러진 가로등,와일드 통나무 벤치 레시피 구해용",사람이에여,2023.09.22,35,0
1088,마일구해용,8ㅁ8,2023.09.21,95,0
1089,구해영ㅎ,열렙 중인 입문자 281,2023.09.21,94,0
1090,덩굴 삽니다,초텐짱,2023.09.21,85,1
1091,떡밥 100개 15마일!무한 판매이고 예약 해주세요^^,사람이에여,2023.09.21,159,1
1092,마일팔아요,초텐짱,2023.09.21,130,4
1093,(완료)배나무 구해요! 5그루에 50만벨로 살게요,초텐짱,2023.09.21,96,2
1094,"체리,오렌지,배 구합니다",내가 바로 Lv1 9805,2023.09.21,162,5
1095,"부드러운 목제,단단한 목제,목제,돌 마일이랑 거레 해용!!",사람이에여,2023.09.20,60,1
1096,내일 2시즈음 마일 이랑 덩이랑 거레 해욥!,사람이에여,2023.09.20,64,0
1097,여러가지 많이 구매해요💗,금손 언데드 845,2023.09.20,75,3
1098,마일팔아용,8ㅁ8,2023.09.20,148,2
1099,섬꾸미고싶은데 꾸밀 수 있는게 별로 없는데 기부해주실분 비댓(레시피도 됩니다),윤서 부계가 갑니다,2023.09.20,98,0
1100,내일 까지 자연풍 가구 거레,사람이에여,2023.09.20,41,0
1101,있는 분들 구해요!,숌뮹칭,2023.09.20,89,3
1102,"완료)쭈니, 미첼, 애플, 뽀야미,사이다,귀오미,재스민 분양합니다.",메이첼,2023.09.19,306,0
1103,"복숭아, 체리 구해요!!",다쁜이,2023.09.19,110,2
1104,레시피 삽니담,열렙 중인 전학생 1919,2023.09.19,58,4
1105,야채과일사영ㅎ,열렙 중인 입문자 281,2023.09.18,134,0
1106,주민 액자 사요(아무나 상관없이 다사요),ㅇㅉㄹㅁ,2023.09.18,202,3
1107,일괄이고영 제가가고영 팔고싶어영ㅎ,열렙 중인 입문자 281,2023.09.18,213,0
1108,마일리지티켓,오늘만사는 오빠 2028,2023.09.18,58,0
1109,초록국화 팔아용,금손 언데드 845,2023.09.18,36,0
1110,떡밥 300개 100개당 15마일 판매,리미,2023.09.18,59,5
1111,떡밥 500개 팔아요,학살중인 군주 9060,2023.09.17,48,1
1112,레시피 구매합니다!!,천하통일 저승사자 2701,2023.09.16,46,2
1113,떡밥 100개 (20마일) 제가 떡밥을 드리고 주대님이 마일을 드리는것 이에용!,사람이에여,2023.09.16,75,0
1114,(완료) 떡밥 삽니다,페니실린을 이겼어,2023.09.16,68,0
1115,팔아요,열렙 중인 입문자 281,2023.09.16,149,0
1116,잡초알바 구해요 비댓(많이 달아주세요),윤서 부계가 갑니다,2023.09.16,91,2
1117,금장미 팔아요,8ㅁ8,2023.09.16,88,0
1118,쓰레기 사실분? 잇나요?,마치는코알라,2023.09.16,65,1
1119,npc 액자팔아요,8ㅁ8,2023.09.16,262,0
1120,떡밥 200개 팝니다~,마치는코알라,2023.09.16,75,2
1121,병풍 파시는분 없을까요,키티의움직이는섬,2023.09.15,83,3
1122,복숭아 체리 구해요....,동숲에빠진 짱구,2023.09.15,87,0
1123,"점토,철광석,돌 팔아용",8ㅁ8,2023.09.14,143,10
1124,황금장미 팔아용,감자ㅇ,2023.09.14,92,3
1125,동양풍 가구 삽니당!!!!,키티의움직이는섬,2023.09.14,132,0
1126,일반 목재 한셋트 사요 비댓,윤서 부계가 갑니다,2023.09.13,78,5
1127,섬꾸밀 가구들 좀 기부좀 해주세요(안쓰시는 가구여도 됩니다!!) 비댓,윤서 부계가 갑니다,2023.09.13,62,0
1128,오렌지 사과 구해요,오늘만사는 저승사자 1607,2023.09.13,69,1
1129,산리오 가구 거래,사람이에여,2023.09.12,126,10
1130,마니 팔아영ㅎ,열렙 중인 입문자 281,2023.09.12,213,0
1131,레시피 무료로 나눔합니다,8ㅁ8,2023.09.12,124,1
1132,섬 꾸미기에 딱 좋은 가구 있으시면 많이 기부 해주세요 비댓,윤서 부계가 갑니다,2023.09.12,93,0
1133,금장미 팔아요!,감자ㅇ,2023.09.11,123,2
1134,뽀야미 액자 팔아요 비댓(마일&벨),윤서 부계가 갑니다,2023.09.11,42,3
1135,뽀야미 데려가실부운..,비눗방울,2023.09.11,117,1
1136,무값 500 이상이신 분 구해요,천하통일 저승사자 2701,2023.09.11,56,0
1137,떡밥 100개 팝니다,세계 최강 킬러 6930,2023.09.11,40,0
1138,"모래성,소나무 분재 구해요",사람이에여,2023.09.11,80,0
1139,사과 체리 오렌지 나눔해주실 천사님 구해요,오늘만사는 저승사자 1607,2023.09.11,95,1
1140,떡밥 100개 구합니다,열렙 중인 탐험가 2959,2023.09.11,63,2
1141,산리오 아이템 팔아욥,사람이에여,2023.09.10,60,1
1142,떡밥 100개 마일티켓교환,마치는코알라,2023.09.10,38,0
1143,"버섯 원목,벗나무 분재,벛나무 가지,벚꽃나무,달,초승달 체어 가지고 계신분 구해용!",사람이에여,2023.09.10,54,0
1144,액자 많이 구매해요 !,금손 언데드 845,2023.09.10,57,0
1145,무값 500 이상이신 분 계실까요?,천하통일 저승사자 2701,2023.09.10,62,1
1146,아무 주민 액자 구해요!,8ㅁ8,2023.09.10,48,1
1147,"철광석, 돌 팔아요",비눗방울,2023.09.10,31,0
1148,"과일구해요 배,오렌지(완료)",세계 최강 군주 1971,2023.09.10,74,0
1149,알바구해요 비댓으로 많이 달아주세요(아무거나 상관없음),윤서 부계가 갑니다,2023.09.10,133,0
1150,수정) 미끼 팔아요!,금손 동생 8638,2023.09.05,107,6
1151,토용 판매/거래,댕근,2023.09.05,79,3
1152,(완료)떡밥 100개 팔아용!,dydy,2023.09.04,46,0
1153,사과 구해요~,동린이에요,2023.09.04,64,1
1154,"파란장미,초록국화 팔아요",8ㅁ8,2023.09.04,85,0
1155,액자 진주 커별 금광석 사요,금손 언데드 845,2023.09.04,38,1
1156,황금장미 팝니다,전패의 마법사 8488,2023.09.03,61,1
1157,각종 별자리 레시피 판매,전패의 마법사 8488,2023.09.03,50,0
1158,마일을 덩으로 교환해주실분!,세봉짱,2023.09.03,97,0
1159,황금장미 팔아요!!,8ㅁ8,2023.09.03,85,0
1160,뽀야미 액자 마일로 팝니다 (비댓),윤서 부계가 갑니다,2023.09.03,40,1
1161,(완료) 마일로 벨구해용,8ㅁ8,2023.09.02,84,0
1162,"캔,타이어 10개 구합니다 10마일로!",8ㅁ8,2023.09.02,38,0
1163,마일을 덩으로교환하실분,부지런한 도적 528,2023.09.02,61,0
1164,금광석 아니면 진주 1세트당 15 마일티켓 15개요,ㅣ얏히ㅣ,2023.09.02,55,0
1165,커다란 별의 조각 진주 금광석 구매합니당,금손 언데드 845,2023.09.02,78,0
1166,벨 교환권 20개로 일꾼이 되겠습니다!,ㅣ얏히ㅣ,2023.09.02,50,0
1167,(완료) 떡밥 100개 15마일로 판매합니다!,8ㅁ8,2023.09.02,43,0
1168,떡밥 200개 팔아요 (비댓),윤서 부계가 갑니다,2023.09.02,68,1
1169,과일 배 오렌지 구해요 (완료),동그랑땡동린이,2023.09.02,47,0
1170,오렌지 체리 복숭아,별별쭌,2023.09.02,60,1
1171,떡밥100개팔아요,부지런한 도적 528,2023.09.02,69,1
1172,비인기 주민 액자 사요,금손 언데드 845,2023.09.02,125,0
1173,아이언우드수납장 레시피 한장 더 구합니다.,하루살이 Lv1 5231,2023.09.02,56,3
1174,(완료) 떡밥 100개 15마일에 판매해여ㅜ,8ㅁ8,2023.09.01,63,0
1175,마일을 덩으로 교환해주실분 구합니다.,세봉짱,2023.09.01,92,0
1176,아이언우드 수납장 레시피 구합니다.,하루살이 Lv1 5231,2023.09.01,54,0
1177,미첼이랑 요비 팔아요,ㅣ얏히ㅣ,2023.09.01,94,0
1178,[완료] 주민액자 팝니다.,페니실린을 이겼어,2023.09.01,233,0
1179,무조건 1마일,너굴이노예,2023.08.31,135,1
1180,복숭아 사과 구해용.(완료),내가 바로 검사 2908,2023.08.30,48,0
1181,주민 액자 삽니다. 비인기주민들!,페니실린을 이겼어,2023.08.30,192,4
1182,천장달린 카운터 구해요!,게임중인 전학생 2224,2023.08.30,86,2
1183,"사과,배,오렌지 사고싶어요!!(완)",우살우죽섬,2023.08.30,53,1
1184,"체리, 오렌지, 코코넛 이외에 과일 거래 또는 교환 구합니다(완)",라운지 초심자 a905753,2023.08.29,163,10
1185,떡밥 100개 20마일에 팔아요!,천하통일 저승사자 2701,2023.08.27,81,12
1186,호박 받아요 !! (완),담꼬,2023.08.27,75,2
1187,과일 4가지 팝니다 비댓(2가지 거래완료),윤서 부계가 갑니다,2023.08.27,279,3
1188,없는 별레시피 팔아요 비댓,윤서 부계가 갑니다,2023.08.26,175,0
1189,떡밥 100개 25마일에 팔아요,강준희,2023.08.26,61,1
1190,떡밥 팝니다,편안한 우리섬,2023.08.26,48,1
1191,안녕하세요!,배고픈 검사 5854,2023.08.25,187,5
1192,마일주는 방법 알려주세요.,고뇌하는하늘이,2023.08.24,111,0
1193,"토마토,사과 거래나 나눔해주실분,,,",고뇌하는하늘이,2023.08.24,125,0
1194,야채가 하나도 없는데 ㅠㅠ,금손 힐러 1946,2023.08.23,142,7
1195,떡밥 구합니다!,푸프탱,2023.08.22,112,4
1196,과일 사과랑 배 거래해주세요ㅠㅠ,히야히양,2023.08.22,101,1
1197,리본 가발 구해요 ㅜㅜ(완료),담꼬,2023.08.21,107,2
1198,완))너구리 모형 레시피 삽니다ㅜ,머피,2023.08.21,63,0
1199,(윤아와 친구들의섬 윤아님)분양사기,HAPPY도,2023.08.20,544,12
1200,서부의거리 팔아요!,세봉짱,2023.08.19,139,2
1201,온라인 부담되는데 같이 만나서 하실분!![서울역삼동) 카페 제가살게여,고뇌하는 군주 6853,2023.08.19,110,4
1202,철광석 도와주실분 ㅠㅠㅠㅠ 4개 남았는데 ㅠㅠ 타임슬립 귀찮아요....,신화속 형 7777,2023.08.17,124,2
1203,체리랑 배 구합니다 저는 오렌지복숭아사과있습니다((완료),라운지대표 Lv1 9111,2023.08.17,113,0
1204,떡밥 200개 팝니다(마일티켓),템레르,2023.08.16,134,0
1205,"파란장미, 은방울꽃",푸프탱,2023.08.15,181,4
1206,"[완료] 배, 체리 구합니다:)",날카로운 삼촌 8184,2023.08.15,84,0
1207,[마감]떡밥 100개 파빈다! 마일티켓으로요!,리처드사랑녀,2023.08.15,110,0
1208,레시피 구해봅니다,세봉짱,2023.08.14,62,5
1209,귤(오렌지) 구합니다.,럭키가이 요괴 8860,2023.08.14,80,2
1210,[마감]히죽이 입양인지 분양 원하시는분?,리처드사랑녀,2023.08.13,277,2
1211,마일을 덩으로 교환하고싶어요 (완료),세봉짱,2023.08.13,71,0
1212,풀카탈 만지작 있으신분 구합니다,꿈에서본 평민 8244,2023.08.13,169,0
1213,"배,체리 구해요!!",선토키,2023.08.13,100,2
1214,초록낙엽 레시피 비싸게삽니당..,전설의 암살자 3590,2023.08.12,106,1
1215,철광석 구해욤,쭈니가 좋아,2023.08.12,80,1
1216,체리나 오렌지 복숭아 구해요 ㅠㅠ,금손 힐러 1946,2023.08.12,419,9
1217,배 구해요ㅜㅠ,낚시왕 탐험가 6484,2023.08.11,73,0
1218,50덩삽니다,MowMow,2023.08.09,97,3
1219,체리섬입니다 다른과일 구해염,내가 바로 초보 9364,2023.08.09,179,0
1220,모동숲 과일을 구합니다 도와주세요 😂,하하하,2023.08.08,105,0
1221,과일 구해용 !!,솔플잘하는 초보 6863,2023.08.08,91,2
1222,가로등 검은색 / 가든 벤치 레시피 구합니다!!,명,2023.08.07,121,3
1223,아이언 가든 벤치 레시피 구합니다,폭주하는 언데드 1705,2023.08.07,112,0
1224,과일 구해요 ..,열렙 중인 탐험가 2959,2023.08.07,120,1
1225,과일 구해요 ㅠㅠ,열렙 중인 탐험가 2959,2023.08.07,46,1
1226,동린이에게 철광석 30개 기부해주실 분..?,안녕하세용용,2023.08.06,83,1
1227,"소박한 목재 간판, 초록낙엽",나는 사실 엘프 2126,2023.08.06,72,4
1228,사과 가지고 싶어요...,고뇌하는 탐험가 4014,2023.08.06,122,6
1229,모동숲 펜스 구해요!,학살중인 트롤 8784,2023.08.05,117,2
1230,떡밥 팔아요~~ 100개당 20마일!!! 세일 중,모두모여섬,2023.08.05,66,4
1231,떡밥 팝니다. 200개 있는데 100개당 20마일 입니다.,모두모여섬,2023.08.05,56,2
1232,동린이 과일 교환하실 분..?,답도 없는 레전드 5266,2023.08.05,93,3
1233,"체리 구합니다 (사과,복숭아)",보라나비,2023.08.05,73,0
1234,중세의 거리 필요하신 분!!!!!,보라나비,2023.08.04,90,2
1235,풀카탈 만지작,전국제패 겜돌이 6008,2023.08.04,198,1
1236,(케찹/1호 원해요)뽀야미 데려가세요!,세계 최강 입문자 6740,2023.08.04,107,4
1237,풀카탈,MowMow,2023.08.03,78,0
1238,낯선 고양이 가방 팔아요!,MowMow,2023.08.03,72,0
1239,서부의 거리 복고풍 정류장 가지고 계신분 있으신가용?,thkdjg,2023.08.03,130,0
1240,덩 팔아요!,MowMow,2023.08.03,145,2
1241,과일,갖고싶은 만렙 1656,2023.08.03,39,0
1242,소박한 목재 울타리,갖고싶은 만렙 1656,2023.08.03,23,0
1243,떡밥 팔아요,꿈에서본 언데드 9742,2023.08.03,55,2
1244,떡밥 100개 25마일에 팝니다!,MowMow,2023.08.03,113,3
1245,배/체리/오렌지 구해요!,세계 최강 입문자 6740,2023.08.03,61,4
1246,주대님들 질문이요,MowMow,2023.08.02,57,3
1247,100덩 판매!,MowMow,2023.08.02,73,2
1248,떡밥 300개 75마일에 팔아용,링링,2023.08.02,31,1
1249,거거,갖고싶은 만렙 1656,2023.08.02,42,2
1250,버섯램프 구해요.,예빈 yebin,2023.08.01,41,2
1251,미첼,갖고싶은 만렙 1656,2023.08.01,88,2
1252,가든벤치 레시피 구합니다!!!,맛있는 케이크 8787,2023.08.01,49,0
1253,산리오템사요,라운지 초심자 a364943,2023.07.31,156,0
1254,우주복,갖고싶은 만렙 1656,2023.07.31,29,0
1255,떡밥 팔아용,곰돌랜드주인,2023.07.30,67,0
1256,떡밥 200개 팔아용,단무지123,2023.07.30,77,5
1257,과일 나눔 받아요 ㅠㅠ,도도한 수호신 5520,2023.07.30,89,0
1258,미술품 구함니다..!!.,놩놩,2023.07.28,90,14
1259,복숭아 있으시면 교환해요~,꿈에서본 오빠 2784,2023.07.27,94,1
1260,마일 -> 덩 교환구합니다,달나라하니,2023.07.27,60,1
1261,떡밥,갖고싶은 만렙 1656,2023.07.27,37,0
1262,무료나눔 받습니다,라밍 Laming,2023.07.27,111,1
1263,동린이 과일 교환하실분...,윤졸디,2023.07.27,59,0
1264,떡밥 팔아요,폭주하는 마법사 96671690382362681,2023.07.26,56,9
1265,파란장미리스나 블루장미화관 레시피 구하고 싶어요,달혜,2023.07.26,46,3
1266,음수대 구해요,예빈 yebin,2023.07.26,96,2
1267,특산 과일 구해요!!,동뤼니임미다,2023.07.26,171,1
1268,금장미 구해요,예빈 yebin,2023.07.26,58,1
1269,[마감] 레시피 무료나눔,페니실린을 이겼어,2023.07.26,288,0
1270,"오렌지랑 복숭아 구합니다! ( 저는 체리, 배, 사과, 야자수 있습니다!)",라운지대표 킬러 7902,2023.07.26,110,2
1271,흰 코스모스랑 배추흰나비 모형구해요!,도담,2023.07.26,35,3
1272,동숲 과일 구해용 (저는 사과랑 체리가 있습니다!),라운지대표 킬러 7902,2023.07.25,136,1
1273,요가 메트 급구해요,천산갑,2023.07.25,38,1
1274,무료나눔 (완),HAPPY도,2023.07.23,897,13
1275,[완료] 낮은 나무 울타리 있으신분? (급구),비눗방울,2023.07.23,287,5
1276,"귤,체리,사과 살게요 각각 3개씩만 있으면되요. 가격은 과일 1개당 10000벨,3개에 30000벨 입니다",네이버최강 Lv1 6856,2023.07.23,122,2
1277,과일 여러 종류 구해여!!,너구리의숲,2023.07.23,163,1
1278,복숭아 사고싶어요!,낄낄꺄르륵,2023.07.23,162,1
1279,배 체리 오렌지 구해요,샤샤샤,2023.07.22,112,3
1280,요트 구합니다!,으앇,2023.07.22,87,5
1281,떡밥팔아오ㅡ,폭주하는 겜돌이 5719,2023.07.20,56,3
1282,흑흑,주대Dy,2023.07.20,99,1
1283,열매/ 과일 나무 교환,아규06,2023.07.19,70,1
1284,복숭아 배 사과 오렌지 체리 다 팝니다,섬이름개같은거,2023.07.19,151,0
1285,[거래완료] 아래 물품 거래 받습니다~!,2aro,2023.07.18,104,2
1286,과일 팝니당,천하태평 저승사자 2994,2023.07.17,67,7
1287,"[거래완료]오렌지,체리 구해요",귀요미용,2023.07.17,65,0
1288,오렌지있습니다,혀니쭝,2023.07.17,49,1
1289,초록낙엽레시피구합니다!,범인은이안에있섬,2023.07.17,114,3
1290,"사과, 복숭아 구합니둥 ㅠㅠ",열렙 중인 암살자 4040,2023.07.17,128,4
1291,떡밥 매입합니다,2aro,2023.07.16,97,5
1292,떡밥 60개에 5마일 티켓으로 팝니다.,네이버최강 검사 1961,2023.07.16,60,1
1293,[완료] 복숭아 구합니다! (다른 과일이랑 교환 원해요),전패의 마왕 6350,2023.07.16,77,2
1294,떡밥 60개에 8마일티켓에 팝니다,네이버최강 검사 1961,2023.07.16,54,1
1295,떡밥 51개 + 귀상어 마일티켓11개에 팝니다,네이버최강 검사 1961,2023.07.16,60,1
1296,떡밥 거래,Hm01,2023.07.16,58,0
1297,마일티켓 삽니다,천하태평 저승사자 2994,2023.07.16,53,0
1298,[마감] 레시피 무료 나눔,페니실린을 이겼어,2023.07.16,88,0
1299,떡밥 구매 원합니다,2aro,2023.07.15,130,8
1300,통나무 벤치 레시피 구합니당,럭키가이 트롤 5536,2023.07.10,55,2
1301,"[완료]사과, 체리 구합니다!",슈가슉,2023.07.10,91,5
1302,프락시누스 그라피티 구합니다,나만없어고양이,2023.07.09,61,2
1303,"스피카,귀오미,차코 액자 팔아요",즐겜중인 전학생 5228,2023.07.09,69,2
1304,떡밥 팝니다 100개 25마일,치킨먹는 겜돌이 4643,2023.07.09,59,1
1305,성문 성벽 등등 혹시 기부 가능하신분 계실까요???ㅠㅡㅠ,솔플잘하는 겜돌이 6759,2023.07.07,57,7
1306,"금도구( 낚시대, 삽, 잠자리채) 팔아요!",벽력일섬 엄지렁,2023.07.07,109,2
1307,떡밥 삽니다~,세계 최강 Lv1 7882,2023.07.07,65,0
1308,성 관련 아이템,솔플잘하는 겜돌이 6759,2023.07.07,29,0
1309,성 관련 레시피랑 중세의 거리 레시피,솔플잘하는 겜돌이 6759,2023.07.07,120,4
1310,중복레시피 드려요,하하호호섬예나,2023.07.06,253,2
1311,캠핑장 건설 재료,답도 없는 뉴비 1098,2023.07.01,85,2
1312,빙티 액자 판매합니다,heyhi,2023.07.01,74,1
1313,과일구해요,와앜,2023.06.24,142,10
1314,마일티켓 벨이랑 교환 원해요,무트코인 매번실패ㅠ,2023.06.21,90,0
1315,섬꾸 구함,(알 수 없음),2023.06.21,53,0
1316,아미보 팔아용,(알 수 없음),2023.06.21,103,0
1317,과일 구해요,꿈에서본 레전드 6176,2023.06.20,159,6
1318,아이언우드 수납장 급구,고양아 멍멍해봐,2023.06.17,109,11
1319,쿠션 주실 분,모여봐요 동숲 초보,2023.06.17,66,4
1320,"스피카, 미애, 미첼, 다람, 잭슨, 애플 분양 합니다",모여봐요 동숲 초보,2023.06.16,282,4
1321,진주와 금광석 무한 ♾ 매입,돈벌어요 대출의숲,2023.06.15,86,3
1322,레시피 100개정도..무료 [마감],페니실린을 이겼어,2023.06.14,171,9
1323,떡밥 무한 ♾ 매입,돈벌어요 대출의숲,2023.06.12,318,15
1324,프락시누스 / 마차 / 요트 구합니다.,나만없어고양이,2023.06.11,137,16
1325,토이옷장 구해요~,전국제패 겜돌이 8472,2023.06.10,84,5
1326,급구해용 마일100개로용ㅎ 한꺼번에 원해영ㅎ,즐겜중인 마왕 5337,2023.06.09,149,2
1327,황금 물뿌리게(완료,팬다씨,2023.06.08,220,14
1328,체리 팔아영🍒,팬다씨,2023.06.08,72,4
1329,사과 체리 오렌지 구해요 !! (완료),부드러운 암살자 4148,2023.06.07,101,2
1330,은방울꽃 구해요,이 구역의 사령관 4591,2023.06.07,144,4
1331,너무 보고싶고 궁금해영ㅎㅎ,즐겜중인 마왕 5337,2023.06.06,74,1
1332,유니콘세이프,돈벌어요 대출의숲,2023.06.06,55,0
1333,레시피 그냥 가져가세요. 100개 이상 (마감),페니실린을 이겼어,2023.06.06,207,2
1334,제 섬 좀 꾸며주세요 ㅠㅠ (100마일),밤새는 도적 7628,2023.06.05,122,1
1335,나뭇잎 레시피 구합니다 ! (50마일),밤새는 도적 7628,2023.06.04,136,4
1336,(완)간이창고 구해요 !,밤새는 도적 7628,2023.06.03,103,0
1337,검정 장미 나눔합니다,루아,2023.06.01,125,13
1338,심플 패널 만지작 해요! 도와주세요..ㅜ,초린,2023.06.01,82,0
1339,심플패널 만지작 해요!!,초린,2023.05.31,83,0
1340,(완료)보리밭 구해요!!!!!!!!,곰돌랜드주인,2023.05.30,185,9
1341,채석장 만들기 도와주세요!,팬다씨,2023.05.30,217,3
1342,주황색 아네모네,천하통일 마녀 4644,2023.05.30,52,0
1343,친구 어케해요 ㅠㅠㅔ,라운지대표 사령관 348,2023.05.29,50,2
1344,황금 물뿌리게,팬다씨,2023.05.29,79,0
1345,짐 맡아주실 분 구합니다 70마일 드립니다,학살중인 고인물 5339,2023.05.28,190,1
1346,과일 구해요!,답도 없는 엘프 90321680012697722,2023.05.27,142,2
1347,벚꽃초롱 2개 구해요!!,도리,2023.05.27,86,0
1348,주민 액자 구매원해요!,즐겜중인 탐험가 8470,2023.05.27,222,5
1349,나무통 구해요,초린,2023.05.25,40,1
1350,복숭아 배 구해요,얄미운 휴먼 7264,2023.05.23,125,7
1351,아이언 가든 벤치 레시피 구매합니다,섬꾸쟁이 이곰팡,2023.05.23,57,0
1352,마일로 벨 구합니다,폭주하는 초보 8893,2023.05.23,60,0
1353,떡밥 팔아요!(끝),삐약짹,2023.05.23,70,0
1354,배 복숭아 사과 구합니다,폭주하는 초보 8893,2023.05.23,95,5
1355,간이창고 구해요,팬다씨,2023.05.22,109,1
1356,과일 구해요!,팬다씨,2023.05.22,126,2
1357,체리.오렌지 구해요(완료),희투,2023.05.22,93,0
1358,친구구해요ㅠㅠ,즐겜중인 마왕 5337,2023.05.21,74,1
1359,노란호박 하나만 주실 분...,무옷,2023.05.21,90,1
1360,레시피구해요,처음해봐요,2023.05.21,68,1
1361,마일티켓과 체리,팬다씨,2023.05.21,89,4
1362,"목제, 간판 구합니다",엥엥엥,2023.05.20,46,1
1363,떡밥 100개 팔아요,전패의 레전드 5532,2023.05.20,47,0
1364,별조각,엥엥엥,2023.05.20,46,0
1365,주민액작급구해영ㅎ,즐겜중인 마왕 5337,2023.05.20,45,0
1366,모동숲 만지작,밤아 띠,2023.05.20,115,0
1367,마일티켓2,팬다씨,2023.05.19,96,9
1368,채소 팝니다,엥엥엥,2023.05.18,64,0
1369,제발 누가 목제 월파티션M사이즈좀팔아주세요 ㅠㅠㅠ,마유짱,2023.05.18,128,0
1370,과일 거래해요!,팬다씨,2023.05.18,73,1
1371,철광석 구해요,유지니,2023.05.18,48,2
1372,교배꽃 구해요,엥엥엥,2023.05.18,59,1
1373,구템/신템 만지작 구해요,갚아도갚아도,2023.05.18,81,0
1374,미감정 화석,돈벌어요 대출의숲,2023.05.18,126,1
1375,꽃 구해요 초보에여🤗🤗,열렙 중인 입문자 281,2023.05.05,161,1
1376,어린이용 텐트 가지고 계신 분/완료,섬꾸쟁이 이곰팡,2023.05.05,70,2
1377,금 낚싯대 레시피 구합니다ㅠㅜ,천하태평 평민 2873,2023.05.04,55,2
1378,"당근,감자 구해요 !",연지존,2023.05.04,73,1
1379,배랑 체리.. 구합니다 ㅠㅠ 🍒🍐,꿈에서본 모범생 6817,2023.05.03,116,1
1380,복숭아...배.... (완),내가 바로 입문자 2267,2023.05.03,82,4
1381,배 구해요 🍐,체원,2023.05.02,76,3
1382,거거 구합니다(완료),꽥꽥잉,2023.05.02,62,0
1383,벨 구해요,연지존,2023.05.02,93,5
1384,"배, 사과 구해요~(완료)",부드러운 입문자 5268,2023.05.01,79,4
1385,"무절임통, 쌓인 무절임통, 통나무 스툴 레시피 1마일 구매",모동숲다봉이,2023.05.01,49,1
1386,무값 460벨🙂,고뇌하는 휴먼 8643,2023.04.30,110,1
1387,모동숲 체리랑 배 구해요….(완료),놩놩,2023.04.30,116,0
1388,"체리, 배 구해요",체원,2023.04.30,75,1
1389,떡밥 100개 팔아요,글루민맘,2023.04.28,91,1
1390,친구해용,내가 바로 입문자 2267,2023.04.27,80,1
1391,아무나 친구해요 ㅎ,열렙 중인 탐험가 2959,2023.04.27,69,3
1392,마일티켓 삽니다~,부드러운 쪼렙 8755,2023.04.27,61,0
1393,산리오템 한 세트당 10마일에 팝니다 !,밤새는 도적 7628,2023.04.26,415,4
1394,사과.배.체리 각5개씩구합니다,이댜니,2023.04.25,124,1
1395,토용 이나 레시피 드립니다!,고뇌하는 저승사자 1929,2023.04.24,103,3
1396,미애 50 마일 ㅠㅠㅠ 집터0 분양해주세요,삐약삐약,2023.04.24,103,1
1397,40마일 미애 or 미첼 분양원해요 집터o,삐약삐약,2023.04.24,35,1
1398,미애 or 미첼 40마일로 구합니다,삐약삐약,2023.04.24,37,3
1399,"사과,오렌지 구해요",눈누난나,2023.04.23,60,8
1400,급구합니당ㅎ 제발이영ㅎ,열렙 중인 입문자 281,2023.04.23,246,5
1401,떡밥 벨로 삽니당 :),수요미,2023.04.23,44,0
1402,"완료 / 배, 복숭아, 오렌지 구해요!!",도도한 언데드 5222,2023.04.22,106,2
1403,1달차 동린이와 친구 하실 분?,짱구사랑녀,2023.04.18,74,4
1404,[완료]과일나눔합니다.(배/사과/체리/오렌지/복숭아),에멍,2023.04.18,382,7
1405,"체리,배,오렌지 구해요 🍒 🍐 🍊",부드러운 힐러 8889,2023.04.17,119,7
1406,죽순 구해욧!,선아,2023.04.17,82,0
1407,(완)컬러풀 형광봉 구해요!,오늘가입한 초보 901,2023.04.17,64,0
1408,배 구합니다!🍐,오늘가입한 초보 901,2023.04.17,73,0
1409,침대랑 유럽풍 가구 만지작구해여 ㅜㅜ,오늘만사는 끝판왕 5096,2023.04.17,132,1
1410,너무많아여 사가세영ㅎ,열렙 중인 입문자 281,2023.04.17,247,0
1411,오렌지 구합니다,고뇌하는 수호신 6720,2023.04.17,71,2
1412,파란 장미 구해요 ㅠㅠ,묘이,2023.04.17,47,1
1413,"과일구해요~ 오렌지, 체리, 사과 🍊🍒🍎(완료)",배고픈 광전사 1950,2023.04.17,134,0
1414,오렌지 배 구해욧,선아,2023.04.17,57,2
1415,오렌지 구합니다! 교환하실분! (거래완료),아냐 ANya,2023.04.17,113,5
1416,과일 교환하실분(완료),나는 사실 고인물 904,2023.04.16,209,9
1417,철광석 구해요ㅠㅠㅠ!,노련한 형 5909,2023.04.15,65,3
1418,"오렌지, 사과 구해요:)",부활한 모범생 9870,2023.04.14,103,2
1419,체리 120개 다른 과일 120개와 바꾸고 싶습니다!!,앵두빵,2023.04.13,55,1
1420,모동숲 같이 할 분 구해요!,고뇌하는 고인물 4691,2023.04.13,142,4
1421,"복숭아,사과 나눔 주실분 계실까요?",부드러운 뉴비 4963,2023.04.12,106,2
1422,"복숭아,사과 나눔주실분 계신가요?",부드러운 뉴비 4963,2023.04.12,81,0
1423,복숭아.오렌지.체리 구해요(거래완료),전국제패 끝판왕 2861,2023.04.11,84,11
1424,복숭아 체리 배 구해요(거래완료 감사합니다),혜지니,2023.04.10,107,9
1425,떡밥삽니다,민유나,2023.04.10,68,3
1426,"복숭아, 오렌지 나눔해주실분..",주애언,2023.04.10,61,5
1427,소박한 파티라이트 하얀색 5개 구합미당,학살중인 엘프 2414,2023.04.10,71,7
1428,(거래완료)과일 배 구해요ㅜㅜ,버스타는 겜돌이 9442,2023.04.09,83,2
1429,레시피 팔아용,세수는못했섬 세수,2023.04.08,103,6
1430,거래완료) 오렌지. 복숭아 구해요 (다른과일 교환 또는..),페니실린을 이겼어,2023.04.08,156,9
1431,혹시 욕조 이쁜거 가지고 계신 분 마일티켓이랑 바꿔요~~(완료),섬꾸쟁이 이곰팡,2023.04.07,150,9
1432,복숭아 사과 등등,미라미라미라,2023.04.06,125,5
1433,오렌지랑 체리 구합니당ㅠㅠ!,하루살이 광전사 6899,2023.04.05,174,17
1434,이쁜벚꽃잎핑크색팔아영ㅎ,열렙 중인 입문자 281,2023.04.03,96,4
1435,철광석 30개 구해요,도리,2023.04.03,163,12
1436,팔아영 모두다일괄로영ㅎㅎ,열렙 중인 입문자 281,2023.04.02,115,5
1437,떡밥 구해요 ㅠㅠㅠㅠ,곰비를 찾아 삼만리,2023.04.02,58,4
1438,철광석 11개 나눔해주실분...,배고픈 휴먼 90401679356660825,2023.04.01,91,6
1439,[마감]산리오 시리즈 아이템 팔아요.,세봉짱,2023.03.30,600,21
1440,사과 복숭아 빼고 다 구해요ㅠㅠ,천하태평 Lv1 608,2023.03.29,178,11
1441,떡밥 구해요 !,세수는못했섬 세수,2023.03.28,154,18
1442,유모차 구합니다! (완료),푸리도사는 밥푸리씨,2023.03.28,115,7
1443,사과 구합니다 (사과 제외 전부 있음),고뇌하는 사령관 270,2023.03.28,118,1
1444,사과구해요,에스텔,2023.03.27,170,2
1445,"오렌지,체리,사과 구해요ㅠㅠ",앵무새,2023.03.27,114,5
1446,"사과, 배, 오렌지 구해요!",먕구구,2023.03.26,183,12
1447,오렌지 구합니다,부지런한 힐러 1365,2023.03.26,124,3
1448,가구,비눗방울,2023.03.26,74,4
1449,이 레시피 중복 있으신분?,비눗방울,2023.03.25,143,2
1450,배 구합니다!,부드러운 군주 9641,2023.03.25,108,7
1451,동숲 8일차 동린이 마일 티켓 판매해용(완료),섬꾸쟁이 이곰팡,2023.03.24,143,1
1452,혹시 야광벽스티커 레시피 중복 있으신분?ㅜ,현명도 아령,2023.03.23,90,12
1453,레시피 급처해용,세수는못했섬 세수,2023.03.22,183,9
1454,[마감] 케로케로케로피 아이템 팔아요,세봉짱,2023.03.19,284,3
1455,서재의자 구합니다,리니,2023.03.19,60,2
1456,[거래완료]헬로키티템 팔아요,세봉짱,2023.03.18,160,5
1457,오르골 구해요,금도끼은도끼,2023.03.18,114,3
1458,잭슨 분양 받아요!,벽력일섬 엄지렁,2023.03.16,123,8
1459,"마일, 금레시피 팔아요!",알수없,2023.03.16,133,4
1460,필요한 레시피 드려용,알수없,2023.03.16,174,6
1461,과일이나 간이창고 구합니다 !!,모여봐요대출의숲,2023.03.14,127,4
1462,"스틸펜스,가로등 구합니다!",푸리도사는 밥푸리씨,2023.03.13,61,12
1463,돌 15셋 일반목재 30셋 사요,하얗고하얀날,2023.03.12,49,0
1464,마일 팔아용,BISTAY,2023.03.11,64,0
1465,개집 레시피 구해용 ~~,세수는못했섬 세수,2023.03.11,40,0
1466,자동차 나 소나무 있으신분 벨로 삽니다 마일티켓도가능,현우,2023.03.10,80,4
1467,배 구해요,Cindolindo,2023.03.09,54,2
1468,[완료]사과 구해요!,사랑의온도 달빛,2023.03.09,90,1
1469,혹시 저 무값 178벨인데 혹시 같이 무판매 하실분?,현명도 아령,2023.03.09,277,1
1470,친구하실분 있나요?,민유나,2023.03.08,80,1
1471,[완료] 체리 구해요!,비눗방울,2023.03.08,77,2
1472,꽃 나눔 / 과일 벨,BISTAY,2023.03.07,152,0
1473,친구는 환영💗,라운지 초심자 a364943,2023.03.07,135,5
1474,부옥이 레시피,라운지 초심자 a364943,2023.03.07,67,0
1475,글에 적어둔 거 구해요!!,곰비를 찾아 삼만리,2023.03.07,120,6
1476,과일 필요하신분 드려요~,푸리도사는 밥푸리씨,2023.03.06,382,9
1477,체리 배 구합니다ㅜ,오늘만사는 암살자 8682,2023.03.06,70,2
1478,[급구!] 체리 구해요!,비눗방울,2023.03.06,74,4
1479,산리오 가구 판매해요 !!,미교,2023.03.05,332,3
1480,사과 배 구해요,나는 사실 언데드 9780,2023.03.04,159,1
1481,"과일 팝니다! 체리, 사과 있어요",Cindolindo,2023.03.04,63,2
1482,금장미 검정장미 교환원해요,도도한 킬러 1570,2023.03.04,84,4
1483,"오렌지,체리구합니다",하루살이 언데드 8835,2023.03.02,98,1
1484,플라워 스탠드 레시피 삽니다,솔플잘하는 수호신 6917,2023.03.01,66,1
1485,애플이 액자 10마일에 팝니다,방울섬,2023.02.26,93,1
1486,"끝)사진속 가구,벽지,러그,바닥 구해요",겜숲자,2023.02.26,87,1
1487,"잭슨,미첼,뽀야미,애플,쭈니,미애,귀오미 액자💓",주대,2023.02.25,195,1
1488,염치없지만....,하루살이 탐험가 3560,2023.02.25,109,1
1489,끝)목제 책장 구해요,겜숲자,2023.02.25,62,0
1490,요 아이템들 구합니다,늘,2023.02.24,94,2
1491,끝)아이템 구해요,겜숲자,2023.02.24,52,3
1492,"오렌지,사과, 체리 구해요",방울섬,2023.02.22,135,0
1493,페그 울타리 레시피 구해요!,늉이,2023.02.22,51,1
1494,3일치 입니다 철광석...,하루살이 탐험가 3560,2023.02.21,143,1
1495,가든 벤치 1개 구해요! :) 5마일 드릴게요 :)?!,나의 기록,2023.02.20,80,0
1496,나눔 해요~,알수없,2023.02.19,246,3
1497,"(완료)과일 교환, 구매 원해요",천하통일 킬러 3903,2023.02.19,106,1
1498,혹시 마일여행권 나눔하시는 분 있나용..,배고픈 언데드 8896,2023.02.19,71,1
1499,도마 레시피 1마일에 구합미다..,말챠,2023.02.18,99,4
1500,트럭 구합니다,동린이임,2023.02.18,123,5
1501,성탑 구합니다!,동린이임,2023.02.17,91,0
1502,마일티켓 한장당 2덩에 삽니다!,아마도 동린이,2023.02.17,197,0
1503,덩-마일 교환,heyhi,2023.02.16,129,1
1504,"복숭아,배 구합니다",부활한 마법사 8824,2023.02.16,127,0
1505,황금장미 검은장미 팝니다,도도한 킬러 1570,2023.02.16,65,0
1506,점토 5개 빨간국화 5개로 거래합니다,모동숲즐겜러,2023.02.15,71,0
1507,유럽풍 가구들 만지작 원해용! 85마일 드릴게용 :)!,나의 기록,2023.02.15,290,0
1508,[만지작 섬 구합니다] 유럽풍 잡화 만지작 구합니다!),리혜,2023.02.15,76,0
1509,파란장미 보라아네모네 구해요!,토비네섬,2023.02.15,79,0
1510,체크무늬 점퍼스커트(베이지) 구매합니다.,Juunan,2023.02.15,63,1
1511,"성문, 성벽, 성탑 구합니다!",아마도 동린이,2023.02.14,100,2
1512,금광석 많이 팝니다 흐흐.. :)!,나의 기록,2023.02.14,96,0
1513,인터넷? 패밀리 플랜? 가입!!,지원,2023.02.13,78,0
1514,마일티켓 삽니다!,아마도 동린이,2023.02.13,87,1
1515,밀 있으신 분 계신가요?,동린이임,2023.02.13,71,1
1516,마일티켓 100장 벨 200덩(약2000천만벨)로 삽니다,ㅇㅅㅇ ㅇㅁㅇ,2023.02.13,76,0
1517,(완료)돌 구매합니다!,아마도 동린이,2023.02.13,106,4
1518,마일티켓 벨로 구해여..,봄이공쥬,2023.02.13,58,0
1519,모동숲 풀카탈 구해여 ㅠ,봄이공쥬,2023.02.13,71,0
1520,아이언우드 수납장 구해요,동린이임,2023.02.13,65,3
1521,식물 파티션 구합니다!,동린이임,2023.02.12,69,4
1522,"심플패널, 복고풍 정류장 구합니다...",신화속 저승사자 1788,2023.02.12,40,0
1523,조개 아치 레시피 구합니다!,아마도 동린이,2023.02.12,105,0
1524,여러 아이템 구매 원합니다!,동린이임,2023.02.12,108,3
1525,과일 다 모으고 싶어요ㅠ!!,치킨먹는 쪼렙 9795,2023.02.11,104,3
1526,마일리지 티켓구해요 1마일2덩,좋다좋아,2023.02.11,79,0
1527,케첩 or 카라멜 분양보내요! :),나의 기록,2023.02.11,68,0
1528,사이다 or 리처드 35마일에 사요,나의 기록,2023.02.11,48,0
1529,"사이다,리처드 입양해요! :)",나의 기록,2023.02.11,39,0
1530,"성탑,성문,중세의거리 구매 원합니다",동린이임,2023.02.11,72,1
1531,주민 교환 하실분 구해요,어쩔 모롱,2023.02.10,224,1
1532,20마일+1덩으로 미애아님 미첼구해요,행복한 파도,2023.02.09,56,1
1533,"애플,카라멜,크리스틴,자끄,이자벨 분양해드려요",행복한 파도,2023.02.09,137,0
1534,얼마 안되지만 선착 1명 마일티켓 5장~(보너스도 드려요)무료,행복한 파도,2023.02.09,116,2
1535,가구들 구해요! :)!,나의 기록,2023.02.08,96,2
1536,마일티켓이랑 2덩이랑 거래하실분!,벨주세여,2023.02.08,119,1
1537,무값 높으신 분ㅠㅠㅠ,동린이임,2023.02.08,50,1
1538,"오렌지, 배 구합니다",치킨먹는 삼촌 4733,2023.02.08,135,1
1539,돌 많은 분 계실까요??,동린이임,2023.02.08,67,0
1540,같이해요~~,라운지 초심자 a364943,2023.02.07,196,4
1541,유네찌 분양해요 :)!,나의 기록,2023.02.07,162,1
1542,음수대 있으신 분!!!,동린이임,2023.02.07,42,0
1543,[마감] 무 497벨 팔아요,Juunan,2023.02.07,314,1
1544,무값 높으신 분 계신가요..,동린이임,2023.02.07,27,0
1545,[과일 교환] 오렌지 구합니다.,하얀머핀,2023.02.07,63,0
1546,과일 교환 원합니다,갖고싶은 평민 5810,2023.02.07,103,1
1547,마일 티켓 벨로 사고 싶습니다,ㅇㅅㅇ ㅇㅁㅇ,2023.02.06,200,10
1548,마일티켓 팔아요,Ssshin,2023.02.06,95,1
1549,마일로 벨 구합니다,고뇌하는 수호신 8652,2023.02.06,45,0
1550,모동숲같이해요,라운지 초심자 a364943,2023.02.06,158,0
1551,동숲 친구구해요~~,라운지 초심자 a364943,2023.02.05,120,2
1552,글이 삭제가됐네요..? /레시피 팔아요~,토비네섬,2023.02.05,296,5
1553,레시피 팔아요~,토비네섬,2023.02.05,87,1
1554,기부해주세요ㅜㅜ,솜이의섬 솜이,2023.02.04,61,1
1555,마일 여행권 나눔해주세요ㅜㅜ,솜이의섬 솜이,2023.02.04,79,0
1556,유튜브 하멍에서 나온 유럽풍 꾸미기 1탄에서 사용 된 가구들 구해주실 분 구해요!..,나의 기록,2023.02.03,407,8
1557,가로로 긴 전시대/가든 벤치 레시피 삽니다,솔플잘하는 수호신 6917,2023.02.01,55,1
1558,몇개삽니다,전설의 힐러 5511,2023.02.01,67,0
1559,유럽풍 풀카탈 구합니다! 꽤 괜찮게 드릴게요 :)!,나의 기록,2023.02.01,70,0
1560,웨딩테이블 있으신 분…!,동린이임,2023.02.01,79,0
1561,마일티켓덩교환 1장1덩,가현,2023.02.01,257,4
1562,가로로 긴 전시대/가든 벤치 레시피 구합니다,솔플잘하는 수호신 6917,2023.02.01,62,5
1563,무값 높은신 분ㅜㅜㅜㅠㅠ,동린이임,2023.01.31,66,1
1564,끝)축구골대 구해요,겜숲자,2023.01.31,56,4
1565,머메이드 침대 레시피 5마일에 팔아요,킨교,2023.01.31,86,2
1566,가로로긴 전시대 구합니다!(완료 될때까지 삽니다),솔플잘하는 수호신 6917,2023.01.30,73,0
1567,목제 1세트 1마일에 팝니다 (마감),킨교,2023.01.30,58,0
1568,낮은 나무 울타리 10개만 무료 요청드려요ㅠㅠㅜ,동린이임,2023.01.30,38,0
1569,레시피 팔아요,Ssshin,2023.01.30,70,0
1570,펜스 삽니다(완료),솔플잘하는 수호신 6917,2023.01.30,31,2
1571,가구 삽니다 가로로 긴 전시대 삽니다,솔플잘하는 수호신 6917,2023.01.29,97,0
1572,"레시피 팝니당 (동린이라 별거 없슴다,,)",행배,2023.01.29,102,1
1573,과일교환하실분이용,밤봉봉,2023.01.27,66,0
1574,끝)꽃 팔아요,겜숲자,2023.01.27,147,3
1575,마일 덩 교환원해요!,라운지 초심자 a551873,2023.01.26,98,0
1576,물고기 떡밥 판매합니다(마감),킨교,2023.01.26,85,0
1577,오늘 마을에 늘봉이 와 있는 분 계신가요??ㅠㅠ,동린이임,2023.01.26,93,3
1578,중세의 거리,함찌,2023.01.25,78,0
1579,'거래/통신' 게시판 오픈 ✨,늍,2023.01.25,56,3
